※一般送配電事業者各社の公表データを元に作成しています,,,,,,,,,,,,
※四捨五入等の関係で合計が合わないことがあります,,,,,,,,,,,,
単位[MWh],,,,,,,,,,,,
月日,時刻,需要,原子力,地熱,水力,火力,バイオマス,風力実績,風力抑制量,太陽光実績,太陽光抑制量,揚水
2020/11/1,0時,71972,2295,288,4192,62799,1496,685,0,0,0,208
2020/11/1,1時,70340,2295,287,4257,61150,1441,762,0,0,0,140
2020/11/1,2時,72633,2296,288,4540,62940,1454,780,0,0,0,327
2020/11/1,3時,75962,2295,287,4874,65049,1454,772,0,0,0,1239
2020/11/1,4時,77178,2292,288,5030,65936,1445,803,0,0,0,1381
2020/11/1,5時,76388,2295,287,4946,65697,1432,874,0,0,0,858
2020/11/1,6時,74851,2295,290,4579,64060,1434,940,0,871,0,373
2020/11/1,7時,75610,2298,286,4163,58367,1431,906,0,8089,0,67
2020/11/1,8時,77610,2297,288,3945,54518,1458,817,0,17685,0,-3399
2020/11/1,9時,79402,2297,287,4101,52647,1461,693,0,24689,0,-6776
2020/11/1,10時,78891,2296,285,4054,49522,1469,681,0,29268,0,-8685
2020/11/1,11時,79114,2295,292,3969,49932,1510,687,0,30911,0,-10485
2020/11/1,12時,78975,2295,312,3978,52534,1514,709,0,26969,0,-9338
2020/11/1,13時,79076,2295,317,4167,54313,1496,771,0,22188,0,-6473
2020/11/1,14時,78516,2297,316,4410,57290,1453,739,0,13930,0,-1920
2020/11/1,15時,78191,2296,318,4997,62514,1448,730,0,5835,0,58
2020/11/1,16時,82032,2297,319,6107,69032,1444,750,0,1203,0,882
2020/11/1,17時,88469,2296,318,6872,74257,1438,836,0,22,0,2422
2020/11/1,18時,89500,2296,319,6988,75353,1442,865,0,0,0,2241
2020/11/1,19時,87546,2298,318,6581,74693,1442,949,0,0,0,1264
2020/11/1,20時,84984,2297,318,5651,73720,1439,934,0,0,0,625
2020/11/1,21時,80991,2298,318,4824,70837,1445,899,0,0,0,368
2020/11/1,22時,76487,2298,319,4618,67403,1445,894,0,0,0,-487
2020/11/1,23時,73386,2298,316,4498,64874,1446,926,0,0,0,-971
2020/11/2,0時,69387,2299,316,4268,61386,1421,998,0,0,0,-1301
2020/11/2,1時,68215,2297,314,4296,60544,1418,978,0,1,0,-1632
2020/11/2,2時,70851,2299,317,4421,62207,1429,980,0,0,0,-809
2020/11/2,3時,74428,2298,316,4650,65420,1428,1047,0,1,0,-734
2020/11/2,4時,76416,2295,315,4794,67298,1417,1087,0,1,0,-799
2020/11/2,5時,77721,2296,316,4812,68504,1429,1073,0,1,0,-711
2020/11/2,6時,80697,2297,313,4625,70396,1439,1036,0,395,0,192
2020/11/2,7時,86552,2296,312,4771,73240,1438,970,0,3264,0,260
2020/11/2,8時,95442,2297,313,5081,78624,1437,810,0,6029,0,843
2020/11/2,9時,101374,2296,313,5368,82557,1436,718,0,7012,0,1667
2020/11/2,10時,102028,2297,312,5401,82134,1448,722,0,7955,0,1755
2020/11/2,11時,103027,2298,315,5387,83046,1448,740,0,7812,0,1979
2020/11/2,12時,99097,2297,315,5324,81596,1452,826,0,6234,0,1064
2020/11/2,13時,103186,2296,313,5620,86083,1443,875,0,4313,0,2240
2020/11/2,14時,103386,2296,314,5890,86737,1444,791,0,2843,0,3073
2020/11/2,15時,103286,2296,314,6264,87087,1445,687,0,1581,0,3616
2020/11/2,16時,105571,2295,319,7373,87773,1443,831,0,337,0,5201
2020/11/2,17時,105432,2296,318,7999,87742,1442,760,0,5,0,4872
2020/11/2,18時,103057,2296,318,8095,86648,1453,723,0,1,0,3517
2020/11/2,19時,98597,2295,318,7755,84568,1448,758,0,1,0,1457
2020/11/2,20時,94229,2297,319,6851,82018,1447,834,0,1,0,460
2020/11/2,21時,89911,2297,317,6306,78566,1442,822,0,2,0,164
2020/11/2,22時,86426,2297,319,6163,75369,1439,726,0,1,0,109
2020/11/2,23時,82958,2297,321,6092,71994,1438,705,0,3,0,99
2020/11/3,0時,77857,2296,319,5935,67714,1438,714,0,3,0,-557
2020/11/3,1時,75841,2296,319,5965,67024,1439,717,0,3,0,-1930
2020/11/3,2時,77785,2296,320,6010,68333,1440,827,0,2,0,-1444
2020/11/3,3時,80782,2284,320,6265,69864,1422,849,0,3,0,-222
2020/11/3,4時,81641,2106,319,6429,70462,1415,894,0,5,0,3
2020/11/3,5時,80922,1879,321,6310,70224,1418,839,0,3,0,-69
2020/11/3,6時,80860,1652,319,5953,70549,1421,819,0,372,0,-225
2020/11/3,7時,83861,1442,319,5684,68317,1420,772,0,6049,0,-141
2020/11/3,8時,89360,1332,318,5455,65168,1444,774,0,15248,0,-374
2020/11/3,9時,92369,1258,322,5412,60470,1459,786,0,23413,1,-756
2020/11/3,10時,92450,1158,320,5258,57396,1455,870,0,29191,2,-3198
2020/11/3,11時,91978,1147,320,5166,57145,1436,971,0,30331,2,-4533
2020/11/3,12時,89680,1147,319,5174,56798,1413,1137,0,29694,2,-6004
2020/11/3,13時,91177,1148,322,5033,60740,1397,1232,0,25459,2,-4157
2020/11/3,14時,91399,1147,319,5242,66164,1410,1372,0,18135,2,-2390
2020/11/3,15時,91791,1148,321,5585,74539,1409,1496,0,9091,1,-1801
2020/11/3,16時,95314,1147,321,6403,81576,1404,1426,0,1971,0,1061
2020/11/3,17時,99857,1147,322,7118,84704,1406,1329,0,39,0,3786
2020/11/3,18時,100083,1147,320,7160,84014,1410,1564,0,5,0,4457
2020/11/3,19時,97279,1149,322,6812,83255,1410,1908,0,5,0,2422
2020/11/3,20時,94303,1146,321,6272,81592,1407,2121,0,4,0,1433
2020/11/3,21時,90540,1145,323,5757,78756,1409,2180,0,5,0,964
2020/11/3,22時,86320,1146,322,5582,75423,1389,2191,0,5,0,265
2020/11/3,23時,82431,1148,322,5506,72309,1392,2232,0,5,0,-478
2020/11/4,0時,77470,1148,322,5312,70300,1375,2333,0,3,0,-3325
2020/11/4,1時,76107,1147,322,5307,70355,1378,2387,0,5,0,-4794
2020/11/4,2時,78718,1145,319,5556,71638,1377,2360,0,5,0,-3684
2020/11/4,3時,82225,1147,323,5619,73214,1396,2293,0,4,0,-1775
2020/11/4,4時,84247,1146,318,5692,73605,1401,2310,0,5,0,-241
2020/11/4,5時,86073,1147,322,5727,74581,1399,2196,0,4,0,694
2020/11/4,6時,90213,1146,320,5548,77795,1398,2119,0,728,0,1161
2020/11/4,7時,93208,1148,321,5264,74015,1398,2113,0,8332,0,611
2020/11/4,8時,98943,1147,321,5707,69696,1441,2136,0,19090,0,-593
2020/11/4,9時,103684,1148,320,5570,66047,1419,2189,0,28528,1,-1535
2020/11/4,10時,103646,1147,322,5468,61474,1432,2187,0,33356,1,-1738
2020/11/4,11時,103507,1148,320,5084,61076,1429,2137,0,34951,1,-2638
2020/11/4,12時,98205,1148,321,4952,59678,1441,2073,0,32938,1,-4336
2020/11/4,13時,102271,1148,321,5045,66555,1427,1969,0,28336,1,-2535
2020/11/4,14時,102518,1148,320,5573,72387,1427,1807,0,21014,1,-1159
2020/11/4,15時,102701,1148,322,6152,80438,1419,1767,0,11091,0,355
2020/11/4,16時,105731,1148,322,7253,88783,1400,1799,0,2542,0,2486
2020/11/4,17時,108007,1147,320,7866,90535,1416,1774,0,32,0,4908
2020/11/4,18時,107412,1147,324,8074,89806,1423,1811,0,1,0,4828
2020/11/4,19時,104037,1148,321,7335,88837,1422,1854,0,1,0,3112
2020/11/4,20時,100304,1147,322,6709,87562,1420,1902,0,1,0,1235
2020/11/4,21時,95430,1147,323,6210,84078,1421,1906,0,1,0,336
2020/11/4,22時,90990,1148,322,5736,80420,1409,1904,0,1,0,54
2020/11/4,23時,86876,1147,320,5535,76514,1413,1935,0,1,0,9
2020/11/5,0時,81280,1146,320,5267,71620,1376,1894,0,1,0,-342
2020/11/5,1時,79712,1147,323,5100,70397,1375,1860,0,1,0,-494
2020/11/5,2時,82092,1147,319,5130,72336,1378,1821,0,1,0,-47
2020/11/5,3時,85457,1147,321,5368,75260,1398,1734,0,1,0,224
2020/11/5,4時,87447,1146,321,5702,76796,1400,1661,0,1,0,422
2020/11/5,5時,89537,1145,322,5495,78713,1401,1689,0,1,0,776
2020/11/5,6時,94340,1147,320,5382,81486,1404,1668,0,619,0,2318
2020/11/5,7時,97676,1147,319,5308,78066,1395,1636,0,8204,0,1597
2020/11/5,8時,102370,1148,319,5321,72656,1409,1647,0,19240,0,629
2020/11/5,9時,105799,1147,318,5110,67776,1405,1599,0,28506,0,-72
2020/11/5,10時,104399,1148,317,4828,61922,1398,1594,0,34354,0,-1160
2020/11/5,11時,103498,1147,316,4763,60793,1398,1605,0,36353,0,-2887
2020/11/5,12時,97996,1148,317,4623,57981,1412,1688,0,35383,0,-4558
2020/11/5,13時,101437,1147,321,4806,65142,1412,1713,0,29585,0,-2689
2020/11/5,14時,101268,1147,321,5231,71341,1440,1662,0,20854,0,-735
2020/11/5,15時,101992,1147,318,5665,80505,1408,1589,0,10962,0,402
2020/11/5,16時,105252,1146,321,6705,88731,1406,1513,0,2387,0,3045
2020/11/5,17時,107594,1148,320,7427,90721,1406,1481,0,31,0,5061
2020/11/5,18時,107042,1146,319,7421,90161,1404,1456,0,2,0,5136
2020/11/5,19時,103648,1146,320,6999,89827,1413,1471,0,2,0,2466
2020/11/5,20時,99624,1146,319,6061,88069,1416,1479,0,3,0,1138
2020/11/5,21時,95125,1148,319,5411,85009,1418,1373,0,2,0,438
2020/11/5,22時,90538,1146,320,5053,81200,1400,1331,0,2,0,91
2020/11/5,23時,86404,1147,321,4898,77384,1400,1255,0,2,0,-2
2020/11/6,0時,80822,1146,319,4633,73222,1366,1243,0,2,0,-1106
2020/11/6,1時,79130,1147,318,4620,73226,1368,1113,0,2,0,-2661
2020/11/6,2時,81345,1146,319,4716,74735,1370,1197,0,2,0,-2144
2020/11/6,3時,84461,1145,319,5046,76603,1376,1116,0,2,0,-1150
2020/11/6,4時,86080,1144,319,5538,76623,1369,1030,0,2,0,53
2020/11/6,5時,87454,1146,319,5491,77933,1392,1022,0,2,0,144
2020/11/6,6時,91341,1147,318,5358,81028,1392,995,0,339,0,769
2020/11/6,7時,95323,1146,318,5165,81384,1385,922,0,4023,0,983
2020/11/6,8時,103082,1147,317,4948,84300,1397,893,0,9225,0,860
2020/11/6,9時,107260,1147,316,4954,84339,1394,901,0,12761,0,1447
2020/11/6,10時,106290,1148,319,4916,81169,1402,985,0,16321,0,20
2020/11/6,11時,104948,1148,318,4732,77742,1421,969,0,19814,0,-1202
2020/11/6,12時,99991,1147,316,4676,73917,1413,848,0,20546,0,-2873
2020/11/6,13時,103480,1148,318,4909,78339,1400,762,0,17951,0,-1348
2020/11/6,14時,103327,1146,315,5237,81256,1381,828,0,12855,0,317
2020/11/6,15時,103160,1148,317,5878,84681,1378,870,0,6715,0,2181
2020/11/6,16時,105597,1147,318,7016,89239,1381,931,0,1343,0,4221
2020/11/6,17時,107094,1147,318,7539,90347,1376,938,0,8,0,5419
2020/11/6,18時,105421,1146,317,7747,89444,1385,870,0,1,0,4509
2020/11/6,19時,101647,1148,317,7243,88383,1389,918,0,3,0,2243
2020/11/6,20時,97597,1147,318,6255,86664,1397,953,0,2,0,863
2020/11/6,21時,92831,1147,315,5768,82963,1400,1080,0,1,0,153
2020/11/6,22時,89265,1147,317,5447,79837,1384,1055,0,1,0,78
2020/11/6,23時,85274,1147,318,5139,77114,1383,1101,0,1,0,-922
2020/11/7,0時,79875,1147,315,4839,73832,1385,1057,0,1,0,-2695
2020/11/7,1時,77535,1148,315,4829,72435,1385,1005,0,1,0,-3576
2020/11/7,2時,79364,1147,316,4934,73394,1386,928,0,1,0,-2751
2020/11/7,3時,81858,1147,315,5149,73969,1387,903,0,1,0,-1015
2020/11/7,4時,82491,1145,316,5668,73194,1387,819,0,2,0,-36
2020/11/7,5時,81049,1147,315,5177,72234,1387,768,0,1,0,25
2020/11/7,6時,80729,1146,310,4847,72004,1384,760,0,252,0,26
2020/11/7,7時,83945,1147,309,4691,72322,1382,813,0,3273,0,14
2020/11/7,8時,89823,1148,310,5111,73067,1393,806,0,7800,0,191
2020/11/7,9時,92917,1147,309,4992,71536,1394,790,0,12292,0,461
2020/11/7,10時,93313,1148,309,4949,69497,1393,810,0,14847,0,351
2020/11/7,11時,92589,1147,313,4536,69495,1386,805,0,14593,0,315
2020/11/7,12時,90045,1147,311,4569,69430,1379,1032,0,12190,0,-15
2020/11/7,13時,90980,1147,311,4656,72703,1376,1053,0,9206,0,528
2020/11/7,14時,90510,1146,313,4758,75861,1384,973,0,5476,0,588
2020/11/7,15時,90481,1147,313,5449,78215,1379,888,0,2743,0,347
2020/11/7,16時,92974,1146,314,6266,81315,1378,867,0,529,0,1157
2020/11/7,17時,95464,1146,315,7233,82245,1380,858,0,7,0,2278
2020/11/7,18時,94758,1146,316,7529,81653,1386,873,0,4,0,1860
2020/11/7,19時,92040,1148,315,6962,80460,1388,909,0,4,0,853
2020/11/7,20時,88506,1146,318,6307,78198,1390,943,0,3,0,199
2020/11/7,21時,83964,1147,316,5881,74321,1389,969,0,3,0,-68
2020/11/7,22時,79664,1146,315,5604,70451,1384,1039,0,3,0,-281
2020/11/7,23時,76661,1146,318,5483,67475,1384,1138,0,3,0,-281
2020/11/8,0時,72264,1148,316,5430,64103,1377,1419,0,3,0,-1523
2020/11/8,1時,70543,1146,317,5495,63288,1381,1579,0,3,0,-2665
2020/11/8,2時,72812,1146,318,5622,64646,1383,1657,0,3,0,-1956
2020/11/8,3時,75523,1146,318,5950,65885,1381,1592,0,2,0,-748
2020/11/8,4時,76159,1145,318,6215,65940,1379,1626,0,2,0,-469
2020/11/8,5時,74517,1146,317,6012,64651,1379,1663,0,2,0,-656
2020/11/8,6時,72598,1144,319,5499,63700,1379,1533,0,302,0,-1275
2020/11/8,7時,74208,1146,316,5392,61047,1364,1395,0,5170,0,-1623
2020/11/8,8時,76689,1146,317,5445,59343,1369,1394,0,12412,0,-4737
2020/11/8,9時,78452,1147,318,5275,55613,1395,1272,0,20615,1,-7180
2020/11/8,10時,78465,1145,317,5020,52345,1414,1342,0,26324,1,-9444
2020/11/8,11時,78077,1146,317,4796,51524,1427,1481,0,27984,1,-10603
2020/11/8,12時,78948,1146,319,4693,53819,1419,1498,0,26216,0,-10164
2020/11/8,13時,78156,1147,320,4757,55607,1413,1571,0,21025,1,-7681
2020/11/8,14時,77058,1145,318,4942,56514,1409,1532,0,15041,1,-3842
2020/11/8,15時,78522,1146,319,5436,61825,1412,1594,0,8191,0,-1398
2020/11/8,16時,82225,1146,320,6216,69235,1406,1965,0,1850,0,81
2020/11/8,17時,88710,1147,322,6963,75722,1402,2137,0,24,0,994
2020/11/8,18時,89921,1147,320,7206,76451,1402,2183,0,5,0,1206
2020/11/8,19時,88154,1147,322,7036,75307,1405,2376,0,5,0,560
2020/11/8,20時,85721,1147,322,6419,73689,1405,2419,0,5,0,316
2020/11/8,21時,81697,1147,320,5940,70332,1407,2369,0,5,0,179
2020/11/8,22時,77113,1147,322,5510,66193,1397,2398,0,6,0,139
2020/11/8,23時,74336,1147,321,5252,64450,1399,2387,0,6,0,-626
2020/11/9,0時,70536,1146,319,5007,62859,1378,2352,0,6,0,-2523
2020/11/9,1時,69336,1147,320,5064,62783,1367,2304,0,6,0,-3651
2020/11/9,2時,72529,1147,320,5131,65036,1367,2434,0,6,0,-2910
2020/11/9,3時,76122,1148,318,5028,66836,1370,2354,0,6,0,-939
2020/11/9,4時,78404,1145,320,5108,67943,1367,2266,0,6,0,249
2020/11/9,5時,81030,1147,321,5127,70532,1367,2254,0,4,0,279
2020/11/9,6時,85998,1146,319,5101,75078,1394,2178,0,415,0,364
2020/11/9,7時,91015,1148,319,4965,73677,1356,2107,0,6606,0,836
2020/11/9,8時,98015,1147,319,5481,70646,1349,1984,0,16629,0,456
2020/11/9,9時,102676,1147,320,5490,67813,1375,1833,0,24990,1,-290
2020/11/9,10時,102980,1148,321,5325,63939,1376,1811,0,30133,1,-1078
2020/11/9,11時,103076,1147,319,5126,64338,1353,1814,0,30823,2,-1849
2020/11/9,12時,97748,1147,322,4980,61547,1397,1860,0,29010,2,-2522
2020/11/9,13時,102337,1146,321,4956,68501,1376,1739,0,25582,1,-1284
2020/11/9,14時,102817,1146,322,5225,74450,1373,1755,0,18596,1,-58
2020/11/9,15時,103683,1147,324,5943,82800,1370,1778,0,9966,1,356
2020/11/9,16時,106959,1145,325,6689,89857,1367,1742,0,2017,0,3815
2020/11/9,17時,109050,1148,324,7086,92494,1366,1765,0,21,0,4845
2020/11/9,18時,108082,1145,324,7290,92286,1375,1674,0,3,0,3985
2020/11/9,19時,104224,1147,324,7123,90580,1374,1631,0,2,0,2043
2020/11/9,20時,100460,1147,324,6741,88240,1373,1623,0,3,0,1013
2020/11/9,21時,96023,1146,322,6212,84827,1372,1647,0,3,0,497
2020/11/9,22時,91680,1149,324,5437,81443,1362,1675,0,2,0,294
2020/11/9,23時,87503,1147,324,5152,77739,1359,1732,0,2,0,47
2020/11/10,0時,82013,1147,323,4928,73266,1364,1746,0,2,0,-766
2020/11/10,1時,80206,1147,323,4926,72547,1366,1709,0,3,0,-1821
2020/11/10,2時,82493,1147,323,4941,73953,1369,1694,0,3,0,-936
2020/11/10,3時,85775,1147,326,5052,75844,1369,1742,0,3,0,296
2020/11/10,4時,87706,1145,322,5266,77484,1370,1755,0,3,0,365
2020/11/10,5時,89851,1146,323,5120,79627,1372,1758,0,3,0,497
2020/11/10,6時,95121,1146,323,5062,83407,1374,1730,0,387,0,1698
2020/11/10,7時,98869,1148,323,5079,80976,1366,1658,0,6516,0,1805
2020/11/10,8時,104679,1146,321,5090,78429,1380,1570,0,16245,0,499
2020/11/10,9時,108427,1147,324,5042,74545,1382,1486,0,24580,0,-84
2020/11/10,10時,107408,1147,323,4816,69103,1385,1473,0,30613,0,-1457
2020/11/10,11時,106627,1147,325,4666,68342,1393,1598,0,31244,0,-2086
2020/11/10,12時,101501,1147,325,4557,67508,1378,1712,0,28485,0,-3609
2020/11/10,13時,105203,1095,323,4843,74310,1384,1629,0,22933,0,-1321
2020/11/10,14時,105916,1071,324,5077,79688,1375,1604,0,16863,0,-86
2020/11/10,15時,106457,1092,323,5734,87306,1388,1565,0,8623,0,423
2020/11/10,16時,110121,1124,324,6550,93358,1388,1527,0,1698,0,4151
2020/11/10,17時,112549,1143,322,7607,94752,1384,1547,0,16,0,5776
2020/11/10,18時,111646,1146,323,7759,94383,1394,1425,0,1,0,5210
2020/11/10,19時,107920,1147,323,7003,93355,1380,1484,0,1,0,3233
2020/11/10,20時,103916,1148,324,6112,91777,1361,1458,0,1,0,1731
2020/11/10,21時,99069,1147,323,5696,88122,1361,1461,0,1,0,956
2020/11/10,22時,94215,1147,322,5387,84319,1318,1463,0,1,0,258
2020/11/10,23時,89618,1147,322,5322,79879,1320,1476,0,1,0,152
2020/11/11,0時,83945,1147,323,4889,76348,1319,1407,0,1,0,-1487
2020/11/11,1時,82466,1146,321,4983,76565,1310,1435,0,1,0,-3291
2020/11/11,2時,84528,1145,321,4888,77860,1322,1476,0,1,0,-2492
2020/11/11,3時,87569,1145,322,4889,79473,1320,1575,0,1,0,-1157
2020/11/11,4時,89325,1144,322,5220,80159,1316,1605,0,1,0,-446
2020/11/11,5時,91568,1145,323,4930,82303,1286,1540,0,1,0,47
2020/11/11,6時,97038,1145,322,5138,86355,1274,1436,0,329,0,1041
2020/11/11,7時,101267,1146,322,4883,85145,1266,1263,0,5902,0,1341
2020/11/11,8時,107053,1145,320,4882,82416,1253,1175,0,15456,0,411
2020/11/11,9時,110037,1145,323,4860,77470,1256,1047,0,23982,0,-49
2020/11/11,10時,109160,1147,321,4563,72786,1237,875,0,29647,0,-1412
2020/11/11,11時,107965,1145,323,4606,71536,1245,775,0,30445,0,-2113
2020/11/11,12時,102383,1146,322,4535,70041,1255,733,0,29390,0,-5038
2020/11/11,13時,106251,1146,322,4716,75271,1246,664,0,25668,0,-2778
2020/11/11,14時,106495,1145,323,4946,80132,1267,593,0,19087,0,-1004
2020/11/11,15時,106923,1146,322,5570,88129,1275,555,0,9750,0,176
2020/11/11,16時,110635,1145,324,6532,95270,1277,527,0,1846,0,3715
2020/11/11,17時,113332,1145,323,7470,97147,1289,554,0,16,0,5396
2020/11/11,18時,112578,1143,323,7470,97143,1293,597,0,2,0,4614
2020/11/11,19時,109295,1145,321,6906,96090,1295,598,0,3,0,2935
2020/11/11,20時,105432,1143,323,6023,94216,1311,578,0,2,0,1830
2020/11/11,21時,100693,1142,321,5458,90922,1321,562,0,2,0,960
2020/11/11,22時,95586,1142,323,4823,87318,1305,567,0,3,0,104
2020/11/11,23時,90856,1145,324,4729,83186,1309,585,0,3,0,-423
2020/11/12,0時,85177,1145,321,4431,79163,1315,570,0,2,0,-1766
2020/11/12,1時,83451,1143,321,4261,78921,1315,519,0,1,0,-3033
2020/11/12,2時,85598,1143,322,4303,80143,1319,493,0,1,0,-2127
2020/11/12,3時,88683,1143,323,4420,81723,1318,495,0,1,0,-740
2020/11/12,4時,90253,1144,321,4678,82063,1318,486,0,1,0,234
2020/11/12,5時,92860,1144,322,4917,84483,1318,501,0,1,0,173
2020/11/12,6時,99000,1144,321,5053,89445,1318,513,0,292,0,916
2020/11/12,7時,104152,1144,322,4789,89187,1305,476,0,5476,0,1450
2020/11/12,8時,110566,1145,321,4975,87340,1309,379,0,14594,0,500
2020/11/12,9時,113295,1145,319,4599,82424,1298,315,0,23665,0,-475
2020/11/12,10時,111262,1145,321,4261,74722,1295,286,0,31305,0,-2066
2020/11/12,11時,109778,1144,311,4252,71632,1295,287,0,34409,0,-3559
2020/11/12,12時,103853,1145,308,4203,69689,1303,290,0,32644,0,-5725
2020/11/12,13時,106984,1145,318,4280,75109,1300,288,0,27982,0,-3444
2020/11/12,14時,107115,1144,308,4541,80556,1295,269,0,20286,0,-1275
2020/11/12,15時,107391,1144,315,5281,87907,1294,262,0,10055,0,1129
2020/11/12,16時,111311,1144,321,6859,95086,1284,306,0,1906,0,4405
2020/11/12,17時,113917,1145,320,7813,96726,1282,386,0,18,0,6226
2020/11/12,18時,113005,1144,323,8008,96555,1285,441,0,2,0,5255
2020/11/12,19時,109090,1143,322,7067,95435,1297,485,0,2,0,3334
2020/11/12,20時,104863,1142,323,6205,93772,1304,494,0,1,0,1620
2020/11/12,21時,99644,1143,322,5415,90886,1298,526,0,1,0,55
2020/11/12,22時,94518,1142,322,4894,86696,1298,518,0,1,0,-351
2020/11/12,23時,89749,1143,322,4650,82586,1297,535,0,1,0,-784
2020/11/13,0時,83911,1143,321,4079,77813,1293,533,0,1,0,-1270
2020/11/13,1時,82439,1143,322,3947,77259,1295,534,0,1,0,-2064
2020/11/13,2時,84483,1141,320,4209,78916,1296,557,0,1,0,-1951
2020/11/13,3時,87505,1141,322,4577,79657,1297,547,0,1,0,-29
2020/11/13,4時,89021,1138,319,4752,80316,1297,575,0,1,0,623
2020/11/13,5時,90740,1142,322,4687,82170,1300,567,0,1,0,546
2020/11/13,6時,95676,1143,322,4711,86455,1299,571,0,328,0,847
2020/11/13,7時,99937,1141,320,4943,84661,1295,593,0,6256,0,723
2020/11/13,8時,105519,1143,319,4818,81177,1300,502,0,15945,0,316
2020/11/13,9時,108392,1143,318,4619,75902,1308,462,0,24467,0,166
2020/11/13,10時,106537,1145,318,4432,69496,1310,547,0,29875,0,-591
2020/11/13,11時,105237,1144,316,4186,68154,1310,591,0,31390,0,-1853
2020/11/13,12時,99877,1145,318,4211,65647,1315,661,0,29844,0,-3260
2020/11/13,13時,103111,1144,315,4387,72477,1327,701,0,24992,0,-2230
2020/11/13,14時,103291,1144,317,4750,77581,1316,803,0,18039,0,-658
2020/11/13,15時,103176,1145,319,5652,83451,1327,1099,0,8976,0,1200
2020/11/13,16時,105813,1143,320,6602,89728,1325,1363,0,1734,0,3605
2020/11/13,17時,107645,1145,320,7276,91211,1307,1448,0,17,0,4920
2020/11/13,18時,106084,1144,320,7437,90674,1301,1431,0,3,0,3770
2020/11/13,19時,102479,1144,320,7293,88824,1310,1549,0,3,0,2030
2020/11/13,20時,98686,1144,320,6678,85883,1314,1695,0,4,0,1655
2020/11/13,21時,94164,1143,321,5983,82761,1315,1774,0,4,0,866
2020/11/13,22時,90549,1143,320,5194,80450,1307,1839,0,4,0,290
2020/11/13,23時,86658,1143,321,4832,76879,1305,1912,0,4,0,257
2020/11/14,0時,81468,1142,321,4429,72189,1287,1970,0,4,0,125
2020/11/14,1時,79689,1141,320,4400,70563,1288,2048,0,4,0,-67
2020/11/14,2時,81548,1141,320,4684,71960,1294,2104,0,4,0,37
2020/11/14,3時,84122,1141,320,5037,73801,1298,2048,0,4,0,472
2020/11/14,4時,84820,1138,319,5246,74100,1297,2022,0,5,0,693
2020/11/14,5時,84366,1140,320,5057,73897,1295,1970,0,5,0,677
2020/11/14,6時,84294,1140,320,4699,74348,1280,1876,0,308,0,323
2020/11/14,7時,86294,1141,319,4634,70270,1230,1785,0,6652,0,271
2020/11/14,8時,88175,1139,318,4614,62161,1259,1687,0,17248,0,-246
2020/11/14,9時,89296,1142,319,4540,55646,1271,1609,0,26931,0,-2161
2020/11/14,10時,88042,1143,317,4145,52442,1261,1581,0,33145,0,-5998
2020/11/14,11時,87172,1142,317,4180,50421,1259,1514,0,35670,0,-7325
2020/11/14,12時,85274,1142,319,4204,50343,1254,1431,0,34738,0,-8158
2020/11/14,13時,85397,1142,317,4340,52789,1254,1312,0,30224,0,-5978
2020/11/14,14時,85158,1142,315,4513,58294,1268,1226,0,22041,0,-3637
2020/11/14,15時,85889,1142,320,5090,67165,1261,1164,0,10753,0,-1004
2020/11/14,16時,89263,1142,321,6187,76665,1247,1064,0,1941,0,692
2020/11/14,17時,94624,1142,321,6904,82110,1237,964,0,15,0,1933
2020/11/14,18時,95112,1142,320,7068,82842,1247,893,0,5,0,1599
2020/11/14,19時,93588,1143,321,6588,82231,1250,824,0,4,0,1220
2020/11/14,20時,91095,1142,323,5675,81276,1252,756,0,4,0,662
2020/11/14,21時,87073,1143,320,5002,78342,1250,703,0,4,0,314
2020/11/14,22時,82964,1142,322,4577,74897,1241,706,0,3,0,79
2020/11/14,23時,79934,1143,321,4476,72063,1231,691,0,2,0,2
2020/11/15,0時,75467,1143,322,4239,68552,1221,713,0,2,0,-722
2020/11/15,1時,74433,1142,320,4270,67966,1242,747,0,2,0,-1258
2020/11/15,2時,77002,1143,319,4475,70173,1215,705,0,2,0,-1032
2020/11/15,3時,80006,1143,320,4928,71720,1212,714,0,2,0,-34
2020/11/15,4時,80969,1142,322,5264,71439,1213,712,0,2,0,877
2020/11/15,5時,80465,1142,321,5132,71393,1236,738,0,2,0,506
2020/11/15,6時,79659,1143,320,4761,71100,1224,731,0,282,0,102
2020/11/15,7時,80386,1144,320,4400,66012,1229,744,0,6616,0,-85
2020/11/15,8時,81158,1143,319,4059,57357,1232,681,0,17772,0,-1406
2020/11/15,9時,81898,1144,321,3952,52648,1240,644,0,27668,0,-5721
2020/11/15,10時,80582,1143,319,3834,50432,1244,641,0,33465,0,-10500
2020/11/15,11時,79825,1143,318,3909,48940,1236,676,0,34982,0,-11382
2020/11/15,12時,79128,1143,320,3905,49617,1245,727,0,33014,0,-10846
2020/11/15,13時,78257,1144,320,4083,51690,1260,726,0,27874,0,-8847
2020/11/15,14時,78005,1143,320,4407,55200,1271,711,0,19623,0,-4671
2020/11/15,15時,79362,1144,323,4905,63621,1298,664,0,9304,0,-1896
2020/11/15,16時,83821,1142,320,5741,73194,1319,654,0,1482,0,-23
2020/11/15,17時,91046,1143,322,6535,79913,1313,668,0,9,0,1144
2020/11/15,18時,92533,1142,324,6794,80581,1309,703,0,1,0,1679
2020/11/15,19時,91016,1145,323,6685,79604,1310,762,0,1,0,1184
2020/11/15,20時,88371,1143,323,5972,78017,1305,852,0,2,0,761
2020/11/15,21時,84160,1142,321,5070,75168,1302,866,0,2,0,291
2020/11/15,22時,79325,1144,324,4532,71355,1314,884,0,1,0,-227
2020/11/15,23時,76138,1142,323,4379,68575,1316,874,0,1,0,-469
2020/11/16,0時,72284,1144,321,4088,67180,1317,875,0,1,0,-2642
2020/11/16,1時,71380,1142,320,3971,68049,1302,947,0,1,0,-4359
2020/11/16,2時,74438,1142,322,4101,69075,1298,999,0,1,0,-2500
2020/11/16,3時,77923,1143,322,4378,70338,1302,1032,0,1,0,-586
2020/11/16,4時,79932,1142,320,4828,71224,1309,1106,0,1,0,-1
2020/11/16,5時,82075,1143,319,4810,73329,1318,1069,0,1,0,85
2020/11/16,6時,86553,1142,319,4694,77583,1342,1025,0,206,0,241
2020/11/16,7時,92153,1144,317,4580,78301,1309,1005,0,5355,0,148
2020/11/16,8時,99819,1144,294,4555,76975,1316,1090,0,14246,0,201
2020/11/16,9時,104231,1145,291,4563,73968,1265,1126,0,21774,0,103
2020/11/16,10時,103844,1144,290,4543,68969,1277,1229,0,26532,0,-147
2020/11/16,11時,103459,1144,285,4351,67400,1276,1438,0,28493,0,-925
2020/11/16,12時,98442,1143,281,4116,66406,1269,1585,0,26691,0,-3055
2020/11/16,13時,102637,1144,284,4259,71874,1282,1642,0,22562,0,-415
2020/11/16,14時,103164,1144,288,4554,77967,1283,1671,0,16157,0,101
2020/11/16,15時,103046,1144,288,5633,84543,1293,1625,0,7618,0,898
2020/11/16,16時,105259,1143,288,6745,88553,1275,1564,0,1148,0,4546
2020/11/16,17時,106607,1144,289,7337,89201,1272,1576,0,5,0,5782
2020/11/16,18時,104426,1144,288,7525,88527,1279,1524,0,3,0,4142
2020/11/16,19時,100185,1144,289,7417,87604,1274,1437,0,3,0,1021
2020/11/16,20時,96159,1143,290,6506,85065,1273,1436,0,3,0,446
2020/11/16,21時,91539,1142,289,5291,81908,1275,1434,0,3,0,198
2020/11/16,22時,87446,1142,290,4716,78550,1270,1423,0,3,0,47
2020/11/16,23時,83795,1142,291,4532,75080,1275,1410,0,3,0,60
2020/11/17,0時,78793,1142,290,4007,71018,1253,1359,0,3,0,-279
2020/11/17,1時,77443,1143,288,3852,70513,1263,1286,0,2,0,-903
2020/11/17,2時,79838,1141,288,3875,72381,1274,1256,0,1,0,-376
2020/11/17,3時,83178,1143,288,4084,74962,1274,1187,0,1,0,249
2020/11/17,4時,84861,1140,289,4125,75900,1272,1110,0,1,0,1021
2020/11/17,5時,86416,1140,290,4352,76087,1276,1029,0,1,0,2241
2020/11/17,6時,90276,1141,291,4463,79129,1273,955,0,222,0,2797
2020/11/17,7時,94282,1141,287,4608,78594,1268,846,0,5992,0,1547
2020/11/17,8時,100772,1142,287,4454,76229,1267,724,0,16377,0,288
2020/11/17,9時,104620,1141,284,4391,71753,1261,619,0,25881,0,-713
2020/11/17,10時,103683,1142,283,4098,68287,1275,550,0,31906,0,-3861
2020/11/17,11時,103219,1141,287,4011,67315,1274,513,0,33522,0,-4846
2020/11/17,12時,98447,1142,287,3915,65867,1285,515,0,31821,0,-6384
2020/11/17,13時,102688,1142,288,4054,70588,1270,505,0,27094,0,-2251
2020/11/17,14時,103362,1143,287,4386,77348,1276,444,0,19313,0,-828
2020/11/17,15時,103410,1143,289,4987,85303,1278,399,0,9000,0,1022
2020/11/17,16時,105726,1143,289,6782,90806,1284,394,0,1428,0,3593
2020/11/17,17時,107211,1144,288,7532,92411,1279,427,0,11,0,4123
2020/11/17,18時,105375,1143,290,7593,92061,1271,456,0,2,0,2554
2020/11/17,19時,101286,1142,289,6865,89905,1270,513,0,1,0,1299
2020/11/17,20時,97269,1142,287,5899,87472,1285,555,0,2,0,632
2020/11/17,21時,92478,1142,289,4923,83964,1284,585,0,1,0,291
2020/11/17,22時,88310,1143,290,4508,80305,1272,594,0,2,0,196
2020/11/17,23時,84586,1140,289,4370,77116,1276,613,0,1,0,-213
2020/11/18,0時,79644,1141,289,3836,74008,1261,628,0,1,0,-1524
2020/11/18,1時,78057,1139,289,3638,73822,1280,662,0,2,0,-2776
2020/11/18,2時,80300,1140,288,3683,74825,1281,670,0,2,0,-1591
2020/11/18,3時,83281,1140,287,4069,75964,1280,683,0,2,0,-141
2020/11/18,4時,84786,1138,286,4357,76891,1271,680,0,2,0,165
2020/11/18,5時,86237,1139,287,4454,78018,1285,637,0,2,0,419
2020/11/18,6時,89655,1139,287,4754,80895,1276,582,0,149,0,573
2020/11/18,7時,93849,1140,287,4793,80417,1274,529,0,5146,0,259
2020/11/18,8時,100579,1139,286,4700,78244,1263,470,0,14304,0,177
2020/11/18,9時,104527,1139,285,4443,74659,1265,442,0,22365,0,-65
2020/11/18,10時,103590,1138,285,4018,69694,1264,431,0,28073,0,-1311
2020/11/18,11時,103360,1137,287,3954,67586,1276,436,0,31265,0,-2580
2020/11/18,12時,98484,1141,284,3944,65156,1271,424,0,30564,0,-4298
2020/11/18,13時,103096,1141,285,4130,71897,1279,416,0,25739,0,-1785
2020/11/18,14時,104067,1139,285,4754,78397,1285,447,0,17786,0,-24
2020/11/18,15時,103283,1139,285,5369,85626,1303,479,0,8414,0,670
2020/11/18,16時,105056,1142,286,6639,90302,1315,485,0,1395,0,3486
2020/11/18,17時,105712,1140,295,7267,90602,1325,549,0,20,0,4512
2020/11/18,18時,103482,1141,311,7192,90120,1323,605,0,3,0,2780
2020/11/18,19時,99246,1140,315,6768,87775,1320,613,0,3,0,1316
2020/11/18,20時,95012,1140,313,5864,85158,1331,671,0,2,0,526
2020/11/18,21時,90238,1140,313,5019,81435,1335,722,0,3,0,269
2020/11/18,22時,86318,1141,313,4659,77999,1332,810,0,3,0,59
2020/11/18,23時,82676,1141,313,4291,74679,1345,813,0,4,0,87
2020/11/19,0時,77971,1139,312,3895,71034,1337,872,0,4,0,-626
2020/11/19,1時,76520,1141,309,3872,70771,1352,904,0,4,0,-1834
2020/11/19,2時,78665,1140,311,3832,71833,1361,936,0,4,0,-760
2020/11/19,3時,81700,1140,310,4053,73943,1357,956,0,4,0,-64
2020/11/19,4時,83172,1139,310,4196,75001,1356,959,0,4,0,206
2020/11/19,5時,83886,1139,312,4461,75473,1354,970,0,6,0,174
2020/11/19,6時,86502,1139,310,4916,77453,1355,1043,0,97,0,195
2020/11/19,7時,90382,1142,311,5058,77107,1354,1118,0,3909,0,382
2020/11/19,8時,97900,1142,309,4761,77158,1358,1122,0,11897,0,155
2020/11/19,9時,102775,1143,308,4566,74315,1370,1139,0,20101,0,-170
2020/11/19,10時,103495,1143,308,4069,70692,1387,1212,0,25707,0,-1019
2020/11/19,11時,103619,1143,306,3893,70157,1382,1283,0,26538,0,-1087
2020/11/19,12時,99027,1142,309,3711,69011,1376,1379,0,24546,0,-2443
2020/11/19,13時,103514,1142,305,3930,75308,1383,1397,0,20456,0,-408
2020/11/19,14時,103964,1142,306,4482,80567,1378,1431,0,13751,0,902
2020/11/19,15時,103385,1144,308,5220,84816,1378,1554,0,6454,0,2510
2020/11/19,16時,105220,1142,309,6529,88416,1377,1588,0,984,0,4868
2020/11/19,17時,105497,1142,311,7149,88599,1378,1644,0,10,0,5262
2020/11/19,18時,102941,1142,312,7389,87861,1363,1642,0,6,0,3222
2020/11/19,19時,98280,1143,307,7008,85289,1361,1676,0,6,0,1490
2020/11/19,20時,93733,1142,311,5741,82729,1362,1613,0,6,0,831
2020/11/19,21時,89174,1142,310,4994,78951,1362,1609,0,5,0,807
2020/11/19,22時,85611,1143,311,4616,75942,1355,1722,0,5,0,521
2020/11/19,23時,82134,1188,308,4455,72732,1340,1829,0,5,0,272
2020/11/20,0時,77518,1214,298,4232,69206,1348,1605,0,4,0,-397
2020/11/20,1時,75849,1236,289,4194,67842,1337,1548,0,3,0,-601
2020/11/20,2時,77876,1259,292,4422,68830,1351,1661,0,4,0,52
2020/11/20,3時,80658,1284,307,4641,70945,1349,1939,0,3,0,183
2020/11/20,4時,81902,1307,305,4808,71897,1352,1999,0,4,0,229
2020/11/20,5時,81741,1332,308,4663,71929,1360,1860,0,5,0,278
2020/11/20,6時,84097,1354,305,4894,74078,1387,1750,0,41,0,284
2020/11/20,7時,89308,1380,307,4982,77927,1383,1783,0,1485,0,66
2020/11/20,8時,98099,1400,308,5134,83286,1373,1741,0,4626,0,226
2020/11/20,9時,104142,1402,307,5178,86279,1388,1570,0,7393,0,623
2020/11/20,10時,104823,1401,308,5125,84534,1396,1460,0,10118,0,481
2020/11/20,11時,104932,1401,308,5030,84318,1408,1434,0,10696,0,328
2020/11/20,12時,99371,1401,308,5017,79886,1419,1397,0,11054,0,-1119
2020/11/20,13時,103238,1401,311,5361,84153,1436,1441,0,9961,0,-832
2020/11/20,14時,103251,1402,314,5736,85268,1444,1541,0,7011,0,540
2020/11/20,15時,102859,1401,320,6055,86944,1449,1542,0,3486,0,1656
2020/11/20,16時,104984,1401,319,6805,88178,1448,1746,0,703,0,4381
2020/11/20,17時,104297,1401,318,7476,87027,1439,2021,0,9,0,4608
2020/11/20,18時,101467,1402,324,7743,85083,1439,2112,0,5,0,3355
2020/11/20,19時,97123,1401,323,7592,82165,1445,2197,0,3,0,2002
2020/11/20,20時,92753,1402,323,6825,79646,1445,2231,0,2,0,874
2020/11/20,21時,88240,1401,323,6420,76137,1443,2270,0,3,0,243
2020/11/20,22時,84777,1408,323,6216,73019,1436,2263,0,3,0,112
2020/11/20,23時,81427,1431,326,5953,69971,1441,2291,0,2,0,11
2020/11/21,0時,76560,1455,322,5461,65912,1417,2298,0,4,0,-318
2020/11/21,1時,74646,1479,326,5380,64400,1421,2338,0,5,0,-706
2020/11/21,2時,76638,1503,322,5488,65438,1422,2405,0,5,0,51
2020/11/21,3時,79310,1527,324,5827,67458,1424,2441,0,4,0,307
2020/11/21,4時,80345,1550,324,6048,68180,1424,2422,0,7,0,388
2020/11/21,5時,79609,1570,323,6030,67492,1419,2375,0,5,0,388
2020/11/21,6時,78627,1571,324,5799,66866,1412,2280,0,122,0,256
2020/11/21,7時,80147,1571,323,5680,63967,1394,2253,0,4599,0,358
2020/11/21,8時,84096,1572,323,5563,59939,1423,2162,0,13286,0,-165
2020/11/21,9時,86601,1571,323,5345,54771,1426,2131,0,22043,0,-1007
2020/11/21,10時,86504,1573,323,5211,50913,1412,2041,0,28870,0,-3835
2020/11/21,11時,86289,1572,322,5250,49536,1418,1965,0,32072,1,-5844
2020/11/21,12時,83788,1572,324,5031,48842,1442,1814,0,31946,0,-7184
2020/11/21,13時,84482,1573,324,5003,51964,1452,1699,0,28397,0,-5933
2020/11/21,14時,84426,1572,324,5187,56374,1455,1495,0,20483,0,-2467
2020/11/21,15時,85723,1574,325,5312,65628,1456,1249,0,10110,0,68
2020/11/21,16時,89050,1573,324,5894,76122,1453,1002,0,1657,0,1021
2020/11/21,17時,93513,1571,326,6743,80391,1454,841,0,10,0,2183
2020/11/21,18時,93622,1571,324,7274,79834,1457,736,0,3,0,2423
2020/11/21,19時,91686,1576,325,6984,79049,1461,682,0,3,0,1603
2020/11/21,20時,88790,1581,326,6228,77956,1450,670,0,3,0,575
2020/11/21,21時,85055,1594,324,5675,74967,1456,574,0,1,0,470
2020/11/21,22時,81089,1617,324,5427,71506,1431,505,0,1,0,275
2020/11/21,23時,78190,1640,324,5322,68818,1420,416,0,1,0,249
2020/11/22,0時,73805,1666,324,4858,65211,1419,455,0,1,0,-134
2020/11/22,1時,72515,1688,325,4884,64428,1411,524,0,1,0,-745
2020/11/22,2時,74989,1714,323,5117,65974,1421,520,0,1,0,-81
2020/11/22,3時,77955,1737,324,5404,68131,1421,503,0,1,0,435
2020/11/22,4時,79128,1760,326,5795,68699,1411,574,0,1,0,564
2020/11/22,5時,78532,1783,325,5540,68288,1421,703,0,1,0,475
2020/11/22,6時,77449,1787,325,5175,67485,1421,731,0,95,0,426
2020/11/22,7時,78405,1785,322,4717,64709,1434,714,0,4361,0,365
2020/11/22,8時,80523,1782,323,4490,60308,1421,635,0,12320,0,-752
2020/11/22,9時,81352,1779,321,4430,57034,1427,613,0,18806,0,-3052
2020/11/22,10時,80319,1785,319,4422,55386,1426,609,0,23008,0,-6634
2020/11/22,11時,80310,1784,319,4362,55936,1430,647,0,23773,0,-7940
2020/11/22,12時,80264,1782,321,4297,56144,1423,697,0,21542,0,-5937
2020/11/22,13時,79806,1784,320,4296,57343,1411,859,0,16809,0,-3013
2020/11/22,14時,80112,1782,320,4549,61483,1414,970,0,10594,0,-997
2020/11/22,15時,81204,1784,321,4929,67373,1428,997,0,3970,0,407
2020/11/22,16時,85380,1785,321,5764,73861,1444,956,0,392,0,854
2020/11/22,17時,90786,1786,320,6666,78129,1451,844,0,2,0,1593
2020/11/22,18時,91485,1779,321,6782,78623,1446,849,0,4,0,1684
2020/11/22,19時,89368,1780,320,6403,77433,1464,865,0,3,0,1099
2020/11/22,20時,86807,1786,320,5807,76005,1487,955,0,3,0,447
2020/11/22,21時,82776,1786,321,5300,72582,1494,1042,0,3,0,244
2020/11/22,22時,78432,1787,321,5037,68620,1494,1038,0,5,0,127
2020/11/22,23時,75396,1790,319,4982,65404,1467,1261,0,4,0,165
2020/11/23,0時,71370,1790,320,4733,62159,1455,1468,0,5,0,-564
2020/11/23,1時,70053,1790,319,4783,61247,1457,1742,0,5,0,-1298
2020/11/23,2時,72659,1792,319,5207,62903,1454,1791,0,4,0,-805
2020/11/23,3時,76028,1791,322,5561,65526,1455,1728,0,4,0,-366
2020/11/23,4時,77468,1790,320,5946,66248,1454,1773,0,4,0,-72
2020/11/23,5時,77395,1793,323,5463,66605,1454,1756,0,4,0,-6
2020/11/23,6時,77410,1814,321,5234,67435,1452,1706,0,77,0,-631
2020/11/23,7時,80725,1838,318,5127,66234,1440,1777,0,3944,0,46
2020/11/23,8時,86246,1862,301,4923,63425,1436,1757,0,12171,0,367
2020/11/23,9時,89006,1884,299,4874,59823,1459,1752,0,20237,0,-1322
2020/11/23,10時,88883,1908,303,4757,56702,1475,1907,0,25530,0,-3698
2020/11/23,11時,89103,1932,299,4760,56617,1478,1937,0,27621,0,-5545
2020/11/23,12時,88181,1951,299,4651,56281,1481,1983,0,26692,0,-5157
2020/11/23,13時,89112,1961,302,4766,60117,1496,1912,0,21917,0,-3357
2020/11/23,14時,89461,2018,302,5074,64883,1464,1821,0,14978,0,-1071
2020/11/23,15時,90654,2047,305,5570,72213,1487,1731,0,7218,0,85
2020/11/23,16時,94979,2075,304,6373,81227,1481,1677,0,1220,0,625
2020/11/23,17時,99784,2103,304,7015,85066,1484,1677,0,7,0,2133
2020/11/23,18時,100031,2131,304,7338,84957,1485,1556,0,2,0,2257
2020/11/23,19時,97404,2160,306,6752,83953,1488,1528,0,1,0,1206
2020/11/23,20時,94751,2186,305,5961,82743,1486,1649,0,1,0,427
2020/11/23,21時,90237,2215,305,5552,78840,1481,1785,0,1,0,57
2020/11/23,22時,85574,2245,304,5240,74399,1479,1881,0,1,0,30
2020/11/23,23時,81915,2282,303,5145,70716,1451,2002,0,1,0,24
2020/11/24,0時,77569,2304,303,4812,67849,1449,2033,0,1,0,-1187
2020/11/24,1時,76515,2316,303,4823,68270,1449,2059,0,1,0,-2701
2020/11/24,2時,79153,2334,304,4773,70142,1440,2015,0,1,0,-1853
2020/11/24,3時,82410,2338,303,4798,72116,1440,2032,0,1,0,-623
2020/11/24,4時,84703,2339,304,5320,73409,1470,1994,0,1,0,-131
2020/11/24,5時,87056,2339,303,5186,75451,1467,1918,0,1,0,383
2020/11/24,6時,92343,2340,304,5266,80059,1463,1848,0,65,0,993
2020/11/24,7時,97656,2343,302,5293,80905,1451,1722,0,4496,0,1141
2020/11/24,8時,104949,2342,302,5083,80701,1462,1682,0,13144,0,232
2020/11/24,9時,109072,2345,301,4995,77897,1440,1570,0,20375,0,144
2020/11/24,10時,107503,2342,301,4720,73597,1435,1544,0,25065,0,-1503
2020/11/24,11時,106412,2343,302,4718,71611,1460,1454,0,26517,0,-1993
2020/11/24,12時,101158,2348,305,4655,68507,1490,1349,0,26093,0,-3588
2020/11/24,13時,105142,2375,304,4831,75251,1492,1217,0,21933,0,-2262
2020/11/24,14時,105980,2404,306,5154,81242,1484,1087,0,15264,0,-956
2020/11/24,15時,106667,2433,306,5660,87253,1476,850,0,7363,0,1324
2020/11/24,16時,110442,2463,313,6738,92596,1457,692,0,1203,0,4984
2020/11/24,17時,112170,2492,327,8011,93184,1459,580,0,4,0,6104
2020/11/24,18時,110563,2519,325,8172,92537,1454,534,0,1,0,5020
2020/11/24,19時,106487,2547,327,7614,91308,1456,515,0,1,0,2719
2020/11/24,20時,102249,2560,326,6531,89528,1457,491,0,1,0,1355
2020/11/24,21時,97131,2559,325,5974,85943,1455,476,0,1,0,395
2020/11/24,22時,92147,2567,327,5649,81641,1449,489,0,1,0,26
2020/11/24,23時,87497,2568,325,5264,77602,1451,488,0,1,0,-205
2020/11/25,0時,81769,2568,324,4570,73690,1430,463,0,1,0,-1277
2020/11/25,1時,80148,2572,327,4545,72637,1439,461,0,1,0,-1832
2020/11/25,2時,82365,2569,324,4657,74330,1446,470,0,1,0,-1432
2020/11/25,3時,85498,2571,324,4807,76470,1458,446,0,1,0,-583
2020/11/25,4時,87148,2584,325,5122,77143,1463,426,0,1,0,81
2020/11/25,5時,89225,2604,325,5268,78991,1480,404,0,1,0,151
2020/11/25,6時,94396,2620,323,5197,83682,1485,377,0,49,0,665
2020/11/25,7時,100039,2623,324,4967,86090,1475,382,0,2708,0,1467
2020/11/25,8時,108862,2629,323,4949,88554,1468,348,0,7990,0,2608
2020/11/25,9時,113438,2627,319,4717,88120,1474,288,0,12654,0,3237
2020/11/25,10時,112209,2626,320,4430,85740,1478,259,0,15852,0,1501
2020/11/25,11時,110758,2624,319,4424,85032,1496,330,0,16684,0,-158
2020/11/25,12時,105327,2624,322,4326,81654,1513,363,0,16823,0,-2306
2020/11/25,13時,108767,2628,319,4526,85589,1506,364,0,13998,0,-165
2020/11/25,14時,108933,2627,319,4750,88175,1515,369,0,10136,0,1043
2020/11/25,15時,108951,2627,320,5445,91450,1516,352,0,5099,0,2149
2020/11/25,16時,112420,2625,320,7124,94081,1537,386,0,1011,0,5332
2020/11/25,17時,113577,2621,320,8400,94399,1530,422,0,7,0,5872
2020/11/25,18時,111955,2621,321,8310,94423,1538,435,0,1,0,4306
2020/11/25,19時,108011,2622,320,7700,93701,1540,481,0,1,0,1651
2020/11/25,20時,103757,2633,326,6669,91354,1544,473,0,1,0,761
2020/11/25,21時,98480,2660,329,5623,87684,1544,414,0,1,0,219
2020/11/25,22時,93408,2689,330,5201,83977,1540,439,0,1,0,-770
2020/11/25,23時,88562,2716,328,4983,80477,1541,469,0,1,0,-1952
2020/11/26,0時,82860,2750,329,4114,77962,1541,538,0,1,0,-4378
2020/11/26,1時,81131,2778,327,4040,77924,1541,595,0,1,0,-6078
2020/11/26,2時,83124,2806,329,4089,78919,1543,715,0,1,0,-5281
2020/11/26,3時,86081,2836,327,4223,80817,1541,889,0,1,0,-4555
2020/11/26,4時,87879,2862,328,4396,80483,1542,1019,0,1,0,-2750
2020/11/26,5時,89932,2892,329,4545,80378,1543,1175,0,1,0,-930
2020/11/26,6時,95365,2907,326,4582,84840,1539,1328,0,50,0,-209
2020/11/26,7時,100194,2911,325,4851,84707,1533,1427,0,3776,0,671
2020/11/26,8時,107017,2906,296,4919,84205,1532,1586,0,11425,0,149
2020/11/26,9時,110130,2908,296,4941,80903,1590,1705,0,18519,0,-733
2020/11/26,10時,108680,2910,294,4590,74316,1612,1738,0,24110,0,-894
2020/11/26,11時,107628,2908,297,4281,71810,1633,1766,0,26125,0,-1189
2020/11/26,12時,101950,2908,298,4239,69369,1644,1698,0,24296,0,-2504
2020/11/26,13時,105725,2909,298,4821,75166,1634,1669,0,19995,0,-774
2020/11/26,14時,106434,2911,300,4804,80667,1626,1602,0,14226,0,291
2020/11/26,15時,106537,2910,299,5337,87746,1612,1568,0,6688,0,371
2020/11/26,16時,109748,2902,298,6186,94466,1608,1504,0,981,0,1807
2020/11/26,17時,111483,2904,299,7135,94892,1591,1456,0,7,0,3193
2020/11/26,18時,110193,2904,299,7418,94276,1596,1368,0,2,0,2327
2020/11/26,19時,106236,2911,298,6909,92023,1595,1368,0,2,0,1132
2020/11/26,20時,101804,2913,299,6077,88964,1600,1354,0,2,0,592
2020/11/26,21時,96676,2936,299,5378,84844,1597,1285,0,2,0,335
2020/11/26,22時,91745,2960,299,4950,80658,1600,1195,0,1,0,82
2020/11/26,23時,87188,2988,299,4712,76389,1604,1125,0,1,0,69
2020/11/27,0時,81646,3013,298,3928,72381,1600,1128,0,1,0,-700
2020/11/27,1時,80049,3039,298,3943,71262,1599,1134,0,1,0,-1223
2020/11/27,2時,82106,3065,298,3915,72963,1601,1125,0,1,0,-861
2020/11/27,3時,85339,3076,297,4072,75186,1601,1069,0,1,0,38
2020/11/27,4時,86759,3075,298,4381,76245,1601,983,0,1,0,178
2020/11/27,5時,88432,3073,298,4452,77925,1599,932,0,1,0,157
2020/11/27,6時,93392,3075,299,4683,82521,1601,911,0,42,0,263
2020/11/27,7時,98698,3077,296,4767,84769,1594,829,0,2892,0,481
2020/11/27,8時,106078,3077,297,4777,85962,1575,774,0,9246,0,375
2020/11/27,9時,110259,3078,298,4621,83968,1570,654,0,16176,0,-109
2020/11/27,10時,109057,3081,299,4324,80218,1603,587,0,20594,0,-1657
2020/11/27,11時,108047,3082,300,4233,78392,1609,516,0,21862,0,-1951
2020/11/27,12時,102642,3080,299,4084,75241,1592,531,0,21057,0,-3242
2020/11/27,13時,106774,3078,298,4333,80043,1562,585,0,17568,0,-694
2020/11/27,14時,107832,3080,303,4743,85766,1551,577,0,11468,0,348
2020/11/27,15時,108083,3094,306,5460,90711,1590,590,0,4463,0,1867
2020/11/27,16時,111643,3119,306,7405,93693,1609,608,0,537,0,4363
2020/11/27,17時,112233,3156,305,8062,93368,1603,724,0,7,0,5012
2020/11/27,18時,109962,3180,307,8148,92397,1620,723,0,4,0,3583
2020/11/27,19時,105915,3191,305,7616,90933,1620,757,0,6,0,1485
2020/11/27,20時,101569,3198,308,6943,88240,1623,836,0,5,0,409
2020/11/27,21時,96474,3195,305,5366,84805,1622,980,0,5,0,192
2020/11/27,22時,92373,3189,307,4638,81521,1613,1057,0,5,0,47
2020/11/27,23時,88102,3190,305,4542,77336,1614,1089,0,6,0,24
2020/11/28,0時,82344,3192,305,4063,72076,1616,1089,0,5,0,-2
2020/11/28,1時,80330,3192,304,4094,69997,1613,1133,0,6,0,-1
2020/11/28,2時,82085,3190,305,4138,71666,1617,1166,0,6,0,0
2020/11/28,3時,84902,3193,304,4552,74078,1619,1148,0,6,0,-1
2020/11/28,4時,85724,3189,305,4925,74486,1622,1160,0,6,0,23
2020/11/28,5時,85252,3194,305,4859,74079,1621,1097,0,6,0,91
2020/11/28,6時,85629,3192,305,4649,74724,1616,1075,0,38,0,24
2020/11/28,7時,88475,3192,303,4738,73801,1609,1050,0,3628,0,147
2020/11/28,8時,93014,3193,305,4882,69670,1619,1127,0,12161,0,57
2020/11/28,9時,94689,3191,304,4790,63823,1632,1205,0,20322,0,-575
2020/11/28,10時,93939,3196,306,4550,59882,1640,1175,0,25282,0,-2086
2020/11/28,11時,93221,3194,306,4525,58549,1655,1248,0,26153,0,-2406
2020/11/28,12時,91289,3192,305,4442,58512,1625,1392,0,24583,0,-2762
2020/11/28,13時,91757,3196,304,4508,61909,1624,1558,0,20827,0,-2177
2020/11/28,14時,91856,3193,311,4832,66054,1638,1736,0,15062,0,-975
2020/11/28,15時,93158,3192,330,5187,73641,1634,1695,0,7409,0,73
2020/11/28,16時,97742,3193,336,6269,82920,1634,1633,0,1126,0,631
2020/11/28,17時,102941,3188,336,7320,85893,1633,1631,0,7,0,2928
2020/11/28,18時,103449,3198,337,7276,86559,1640,1548,0,3,0,2885
2020/11/28,19時,101505,3203,336,6886,85800,1643,1553,0,3,0,2083
2020/11/28,20時,98571,3206,336,5873,84260,1642,1540,0,3,0,1704
2020/11/28,21時,94178,3205,337,5138,81764,1638,1434,0,3,0,655
2020/11/28,22時,89038,3209,334,4804,77497,1631,1451,0,3,0,117
2020/11/28,23時,85153,3210,333,4609,74072,1625,1276,0,2,0,29
2020/11/29,0時,80149,3208,335,4112,69836,1630,1108,0,1,0,-74
2020/11/29,1時,78688,3206,334,4062,69103,1629,1089,0,1,0,-739
2020/11/29,2時,80424,3210,335,4213,70477,1630,1091,0,1,0,-530
2020/11/29,3時,82863,3208,332,4331,72653,1632,1085,0,1,0,-384
2020/11/29,4時,83598,3207,333,4604,72604,1633,999,0,1,0,211
2020/11/29,5時,82700,3208,334,4627,71793,1630,1035,0,2,0,68
2020/11/29,6時,82275,3209,332,4416,71743,1623,920,0,19,0,17
2020/11/29,7時,84388,3211,333,4234,70838,1616,849,0,3210,0,90
2020/11/29,8時,87993,3212,331,4161,67151,1616,745,0,10704,0,77
2020/11/29,9時,89931,3212,331,4066,64264,1588,697,0,18061,0,-2287
2020/11/29,10時,88901,3211,331,3878,61107,1591,757,0,22306,0,-4278
2020/11/29,11時,87314,3209,333,3927,59899,1601,817,0,23346,0,-5817
2020/11/29,12時,86444,3208,331,3853,61816,1603,887,0,20843,0,-6096
2020/11/29,13時,85572,3210,330,3885,63751,1594,938,0,18479,0,-6617
2020/11/29,14時,85613,3206,332,4203,65800,1603,1011,0,13472,0,-4018
2020/11/29,15時,87821,3207,331,4884,70842,1617,935,0,6819,0,-808
2020/11/29,16時,93032,3204,332,5901,78992,1611,1048,0,1085,0,856
2020/11/29,17時,100299,3201,331,6925,84294,1606,1136,0,7,0,2795
2020/11/29,18時,101925,3202,331,7154,85111,1614,1169,0,2,0,3336
2020/11/29,19時,100267,3206,333,6487,85049,1621,1135,0,2,0,2436
2020/11/29,20時,97630,3209,335,5511,84410,1624,1061,0,3,0,1480
2020/11/29,21時,93111,3209,332,4797,81748,1622,1017,0,3,0,384
2020/11/29,22時,87191,3210,333,4520,76539,1628,901,0,3,0,62
2020/11/29,23時,83013,3208,334,4297,74015,1633,874,0,3,0,-1352
2020/11/30,0時,78407,3208,331,3975,73254,1630,865,0,3,0,-4850
2020/11/30,1時,77718,3208,330,4031,74020,1630,838,0,4,0,-6344
2020/11/30,2時,80380,3209,332,4103,76066,1641,835,0,3,0,-5810
2020/11/30,3時,83708,3212,333,4240,77340,1642,876,0,4,0,-3943
2020/11/30,4時,85707,3207,334,4435,76843,1643,884,0,5,0,-1639
2020/11/30,5時,88900,3209,330,4707,78054,1641,903,0,5,0,44
2020/11/30,6時,96803,3209,331,4764,85468,1640,866,0,25,0,499
2020/11/30,7時,105069,3213,330,4914,89201,1634,927,0,3033,0,1822
2020/11/30,8時,113904,3210,331,5052,88810,1618,977,0,11114,0,2789
2020/11/30,9時,116855,3211,331,4682,84662,1615,1040,0,19484,0,1832
2020/11/30,10時,114567,3212,331,4485,78124,1610,1051,0,25346,0,415
2020/11/30,11時,112652,3215,333,4394,75950,1620,1092,0,26242,0,-195
2020/11/30,12時,107512,3215,331,4262,74367,1627,1156,0,24289,0,-1732
2020/11/30,13時,111124,3212,333,4401,80628,1627,1120,0,19487,0,314
2020/11/30,14時,111015,3213,333,4830,85671,1636,1190,0,13003,0,1137
2020/11/30,15時,111714,3213,333,5522,92308,1625,1150,0,5980,0,1582
2020/11/30,16時,116028,3209,334,7024,97246,1629,1111,0,780,0,4690
2020/11/30,17時,118664,3206,333,7589,97822,1616,1092,0,4,0,7007
2020/11/30,18時,117470,3214,335,7717,97881,1627,1240,0,2,0,5454
2020/11/30,19時,113807,3209,334,6697,97535,1625,1344,0,3,0,3053
2020/11/30,20時,109598,3214,334,5819,95877,1619,1332,0,2,0,1402
2020/11/30,21時,104584,3216,334,5158,92553,1614,1262,0,2,0,443
2020/11/30,22時,98742,3215,334,4784,87438,1608,1332,0,1,0,36
2020/11/30,23時,93783,3215,334,4567,83956,1612,1490,0,0,0,-1393
