※一般送配電事業者各社の公表データを元に作成しています,,,,,,,,,,,,,,,,,
※四捨五入等の関係で合計が合わないことがあります,,,,,,,,,,,,,,,,,
単位[MWh],,,,,,,,,,,,,,,,,
月日,時刻,需要,原子力,地熱,水力,火力,バイオマス,風力実績,風力抑制量,太陽光実績,太陽光抑制量,揚水,,,,,
2025/7/1,0:00,"91,544 ","11,048 ",260 ,"8,071 ","69,455 ","3,440 ",746 ,0 ,0 ,0 ,"-1,457 ",,,,,
2025/7/1,1:00,"86,072 ","11,051 ",259 ,"8,049 ","66,823 ","3,450 ",750 ,0 ,0 ,0 ,"-4,287 ",,,,,
2025/7/1,2:00,"84,420 ","11,048 ",260 ,"8,099 ","66,460 ","3,447 ",780 ,0 ,0 ,0 ,"-5,656 ",,,,,
2025/7/1,3:00,"84,891 ","11,046 ",259 ,"8,303 ","66,897 ","3,431 ",753 ,0 ,1 ,0 ,"-5,780 ",,,,,
2025/7/1,4:00,"85,678 ","11,039 ",260 ,"8,382 ","67,611 ","3,419 ",714 ,0 ,123 ,0 ,"-5,846 ",,,,,
2025/7/1,5:00,"87,498 ","11,041 ",263 ,"8,323 ","66,672 ","3,434 ",708 ,0 ,"2,317 ",0 ,"-5,245 ",,,,,
2025/7/1,6:00,"92,606 ","11,046 ",261 ,"8,175 ","64,096 ","3,432 ",641 ,0 ,"9,344 ",0 ,"-4,376 ",,,,,
2025/7/1,7:00,"104,182 ","11,054 ",266 ,"8,361 ","63,820 ","3,452 ",545 ,0 ,"19,642 ",0 ,"-2,956 ",,,,,
2025/7/1,8:00,"122,117 ","11,061 ",265 ,"9,043 ","68,957 ","3,446 ",542 ,0 ,"30,084 ",0 ,"-1,283 ",,,,,
2025/7/1,9:00,"136,080 ","11,056 ",265 ,"9,197 ","72,530 ","3,442 ",540 ,0 ,"40,038 ",0 ,-988 ,,,,,
2025/7/1,10:00,"142,360 ","11,056 ",266 ,"9,154 ","72,126 ","3,471 ",546 ,0 ,"47,195 ",0 ,"-1,454 ",,,,,
2025/7/1,11:00,"145,701 ","11,054 ",261 ,"9,040 ","74,794 ","3,469 ",522 ,0 ,"48,673 ",0 ,"-2,103 ",,,,,
2025/7/1,12:00,"143,268 ","11,050 ",263 ,"8,885 ","74,939 ","3,462 ",505 ,0 ,"47,002 ",0 ,"-2,844 ",,,,,
2025/7/1,13:00,"148,718 ","11,044 ",262 ,"9,307 ","82,393 ","3,461 ",518 ,0 ,"42,531 ",0 ,-793 ,,,,,
2025/7/1,14:00,"148,046 ","11,033 ",260 ,"9,906 ","85,989 ","3,436 ",440 ,0 ,"35,004 ",0 ,"1,987 ",,,,,
2025/7/1,15:00,"145,288 ","11,032 ",259 ,"10,956 ","88,412 ","3,404 ",387 ,0 ,"25,443 ",0 ,"5,409 ",,,,,
2025/7/1,16:00,"143,367 ","11,018 ",256 ,"12,375 ","92,011 ","3,381 ",342 ,0 ,"16,118 ",0 ,"7,895 ",,,,,
2025/7/1,17:00,"135,961 ","11,016 ",257 ,"12,397 ","93,508 ","3,365 ",287 ,0 ,"7,146 ",0 ,"8,005 ",,,,,
2025/7/1,18:00,"131,788 ","11,023 ",256 ,"12,346 ","93,406 ","3,333 ",302 ,0 ,"2,010 ",0 ,"9,148 ",,,,,
2025/7/1,19:00,"127,554 ","11,043 ",256 ,"11,884 ","92,279 ","3,328 ",306 ,0 ,70 ,0 ,"8,410 ",,,,,
2025/7/1,20:00,"121,213 ","11,054 ",257 ,"10,897 ","89,842 ","3,326 ",292 ,0 ,1 ,0 ,"5,567 ",,,,,
2025/7/1,21:00,"114,123 ","11,045 ",257 ,"9,614 ","86,521 ","3,330 ",273 ,0 ,0 ,0 ,"3,105 ",,,,,
2025/7/1,22:00,"107,820 ","11,046 ",257 ,"8,721 ","82,894 ","3,334 ",262 ,0 ,0 ,0 ,"1,323 ",,,,,
2025/7/1,23:00,"100,886 ","11,045 ",258 ,"8,229 ","77,366 ","3,342 ",273 ,0 ,0 ,0 ,391 ,,,,,
2025/7/2,0:00,"92,742 ","11,041 ",258 ,"7,809 ","71,850 ","3,349 ",261 ,0 ,0 ,0 ,"-1,813 ",,,,,
2025/7/2,1:00,"87,113 ","10,994 ",258 ,"7,795 ","70,437 ","3,346 ",238 ,0 ,1 ,0 ,"-5,937 ",,,,,
2025/7/2,2:00,"85,472 ","10,973 ",257 ,"7,797 ","70,190 ","3,372 ",230 ,0 ,0 ,0 ,"-7,328 ",,,,,
2025/7/2,3:00,"86,067 ","10,990 ",258 ,"8,080 ","70,117 ","3,376 ",239 ,0 ,0 ,0 ,"-6,972 ",,,,,
2025/7/2,4:00,"86,805 ","11,011 ",258 ,"8,193 ","70,486 ","3,376 ",232 ,0 ,113 ,0 ,"-6,844 ",,,,,
2025/7/2,5:00,"88,286 ","11,027 ",261 ,"8,270 ","70,530 ","3,380 ",233 ,0 ,"1,585 ",0 ,"-6,982 ",,,,,
2025/7/2,6:00,"92,287 ","11,031 ",236 ,"7,998 ","69,245 ","3,363 ",255 ,0 ,"6,388 ",0 ,"-6,209 ",,,,,
2025/7/2,7:00,"102,415 ","11,038 ",230 ,"8,074 ","69,503 ","3,379 ",204 ,0 ,"14,268 ",0 ,"-4,259 ",,,,,
2025/7/2,8:00,"119,492 ","11,040 ",230 ,"8,539 ","73,078 ","3,388 ",203 ,0 ,"24,460 ",0 ,"-1,435 ",,,,,
2025/7/2,9:00,"132,275 ","11,017 ",201 ,"9,050 ","75,866 ","3,390 ",240 ,0 ,"33,948 ",0 ,"-1,415 ",,,,,
2025/7/2,10:00,"137,823 ","10,961 ",200 ,"8,761 ","75,699 ","3,339 ",214 ,0 ,"40,467 ",0 ,"-1,801 ",,,,,
2025/7/2,11:00,"142,138 ","10,971 ",199 ,"8,663 ","77,104 ","3,308 ",262 ,0 ,"43,897 ",0 ,"-2,250 ",,,,,
2025/7/2,12:00,"140,423 ","10,995 ",197 ,"8,403 ","76,220 ","3,309 ",265 ,0 ,"43,934 ",0 ,"-2,883 ",,,,,
2025/7/2,13:00,"145,641 ","11,014 ",199 ,"8,950 ","81,853 ","3,305 ",247 ,0 ,"41,410 ",0 ,"-1,321 ",,,,,
2025/7/2,14:00,"146,425 ","11,028 ",195 ,"9,465 ","87,350 ","3,262 ",228 ,0 ,"34,769 ",0 ,141 ,,,,,
2025/7/2,15:00,"144,611 ","11,024 ",196 ,"10,010 ","90,834 ","3,241 ",223 ,0 ,"25,889 ",0 ,"3,209 ",,,,,
2025/7/2,16:00,"142,845 ","11,027 ",192 ,"11,208 ","93,633 ","3,214 ",180 ,0 ,"16,038 ",0 ,"7,381 ",,,,,
2025/7/2,17:00,"135,768 ","11,026 ",195 ,"12,167 ","93,907 ","3,170 ",182 ,0 ,"7,470 ",0 ,"7,686 ",,,,,
2025/7/2,18:00,"131,024 ","11,017 ",196 ,"12,260 ","93,964 ","3,195 ",218 ,0 ,"1,869 ",0 ,"8,346 ",,,,,
2025/7/2,19:00,"126,779 ","11,012 ",195 ,"11,801 ","92,993 ","3,196 ",231 ,0 ,60 ,0 ,"7,313 ",,,,,
2025/7/2,20:00,"120,587 ","11,015 ",194 ,"10,844 ","90,600 ","3,200 ",244 ,0 ,1 ,0 ,"4,516 ",,,,,
2025/7/2,21:00,"113,571 ","11,023 ",195 ,"9,857 ","86,290 ","3,187 ",246 ,0 ,0 ,0 ,"2,794 ",,,,,
2025/7/2,22:00,"107,314 ","11,035 ",195 ,"8,856 ","82,399 ","3,185 ",252 ,0 ,0 ,0 ,"1,405 ",,,,,
2025/7/2,23:00,"100,744 ","11,045 ",194 ,"8,223 ","77,435 ","3,198 ",304 ,0 ,0 ,0 ,361 ,,,,,
2025/7/3,0:00,"92,636 ","11,049 ",194 ,"8,114 ","71,294 ","3,194 ",357 ,0 ,0 ,0 ,"-1,550 ",,,,,
2025/7/3,1:00,"87,128 ","11,044 ",194 ,"8,016 ","67,931 ","3,198 ",412 ,0 ,1 ,0 ,"-3,656 ",,,,,
2025/7/3,2:00,"85,324 ","11,041 ",194 ,"8,036 ","67,144 ","3,205 ",437 ,0 ,0 ,0 ,"-4,718 ",,,,,
2025/7/3,3:00,"85,913 ","11,042 ",194 ,"8,253 ","67,815 ","3,207 ",570 ,0 ,0 ,0 ,"-5,158 ",,,,,
2025/7/3,4:00,"86,694 ","11,030 ",193 ,"8,282 ","67,668 ","3,208 ",636 ,0 ,110 ,0 ,"-4,425 ",,,,,
2025/7/3,5:00,"88,198 ","11,033 ",194 ,"8,142 ","67,020 ","3,227 ",609 ,0 ,"2,103 ",0 ,"-4,107 ",,,,,
2025/7/3,6:00,"92,960 ","11,031 ",196 ,"7,884 ","66,216 ","3,221 ",532 ,0 ,"8,654 ",0 ,"-4,750 ",,,,,
2025/7/3,7:00,"104,700 ","11,041 ",196 ,"7,945 ","67,302 ","3,225 ",462 ,0 ,"19,255 ",0 ,"-4,718 ",,,,,
2025/7/3,8:00,"123,539 ","11,037 ",199 ,"8,648 ","71,357 ","3,243 ",483 ,0 ,"31,164 ",0 ,"-2,592 ",,,,,
2025/7/3,9:00,"137,474 ","11,043 ",191 ,"8,774 ","74,504 ","3,246 ",505 ,0 ,"41,110 ",0 ,"-1,888 ",,,,,
2025/7/3,10:00,"142,616 ","11,042 ",183 ,"8,516 ","73,526 ","3,212 ",509 ,0 ,"47,330 ",0 ,"-1,706 ",,,,,
2025/7/3,11:00,"146,166 ","11,045 ",183 ,"8,393 ","74,260 ","3,192 ",551 ,0 ,"50,141 ",0 ,"-1,583 ",,,,,
2025/7/3,12:00,"143,985 ","11,034 ",182 ,"8,090 ","73,827 ","3,179 ",622 ,0 ,"49,723 ",0 ,"-2,672 ",,,,,
2025/7/3,13:00,"149,311 ","11,031 ",183 ,"8,638 ","81,376 ","3,182 ",672 ,0 ,"45,869 ",0 ,"-1,624 ",,,,,
2025/7/3,14:00,"149,232 ","11,027 ",183 ,"9,429 ","85,988 ","3,220 ",709 ,0 ,"38,526 ",0 ,167 ,,,,,
2025/7/3,15:00,"146,617 ","11,021 ",179 ,"10,010 ","90,393 ","3,209 ",692 ,0 ,"28,239 ",0 ,"2,887 ",,,,,
2025/7/3,16:00,"144,564 ","11,013 ",180 ,"11,197 ","94,332 ","3,222 ",625 ,0 ,"17,889 ",0 ,"6,126 ",,,,,
2025/7/3,17:00,"137,231 ","10,999 ",180 ,"12,015 ","94,772 ","3,263 ",607 ,0 ,"8,051 ",0 ,"7,371 ",,,,,
2025/7/3,18:00,"131,794 ","10,990 ",179 ,"12,097 ","94,729 ","3,263 ",674 ,0 ,"2,083 ",0 ,"7,826 ",,,,,
2025/7/3,19:00,"127,235 ","10,996 ",178 ,"11,698 ","93,729 ","3,275 ",756 ,0 ,57 ,0 ,"6,581 ",,,,,
2025/7/3,20:00,"120,701 ","11,012 ",179 ,"10,464 ","91,312 ","3,301 ",816 ,0 ,1 ,0 ,"3,643 ",,,,,
2025/7/3,21:00,"113,702 ","11,005 ",180 ,"9,544 ","87,178 ","3,302 ",847 ,0 ,0 ,0 ,"1,676 ",,,,,
2025/7/3,22:00,"107,591 ","11,018 ",180 ,"8,947 ","82,732 ","3,315 ",867 ,0 ,1 ,0 ,547 ,,,,,
2025/7/3,23:00,"101,129 ","11,029 ",180 ,"8,611 ","76,873 ","3,349 ",901 ,0 ,0 ,0 ,200 ,,,,,
2025/7/4,0:00,"93,187 ","11,030 ",180 ,"8,052 ","70,373 ","3,348 ",991 ,0 ,1 ,0 ,-768 ,,,,,
2025/7/4,1:00,"87,712 ","11,030 ",181 ,"7,940 ","68,123 ","3,351 ",981 ,0 ,0 ,0 ,"-3,878 ",,,,,
2025/7/4,2:00,"86,117 ","11,021 ",181 ,"7,900 ","67,459 ","3,359 ",997 ,0 ,0 ,0 ,"-4,780 ",,,,,
2025/7/4,3:00,"86,403 ","11,029 ",180 ,"8,218 ","67,417 ","3,373 ",964 ,0 ,0 ,0 ,"-4,749 ",,,,,
2025/7/4,4:00,"87,066 ","11,024 ",181 ,"8,233 ","68,155 ","3,382 ",962 ,0 ,87 ,0 ,"-4,929 ",,,,,
2025/7/4,5:00,"88,685 ","11,024 ",182 ,"8,083 ","68,361 ","3,394 ",866 ,0 ,"1,783 ",0 ,"-4,990 ",,,,,
2025/7/4,6:00,"93,161 ","11,020 ",183 ,"7,958 ","67,418 ","3,393 ",764 ,0 ,"7,828 ",0 ,"-5,384 ",,,,,
2025/7/4,7:00,"104,768 ","11,023 ",182 ,"7,960 ","68,733 ","3,401 ",719 ,0 ,"17,270 ",0 ,"-4,510 ",,,,,
2025/7/4,8:00,"123,001 ","11,023 ",186 ,"8,551 ","73,080 ","3,410 ",731 ,0 ,"27,271 ",0 ,"-1,237 ",,,,,
2025/7/4,9:00,"136,488 ","11,027 ",187 ,"8,683 ","76,683 ","3,411 ",745 ,0 ,"36,846 ",0 ,"-1,110 ",,,,,
2025/7/4,10:00,"142,116 ","11,032 ",186 ,"8,215 ","75,510 ","3,415 ",840 ,0 ,"44,322 ",0 ,"-1,421 ",,,,,
2025/7/4,11:00,"145,582 ","11,029 ",186 ,"8,119 ","75,473 ","3,413 ",892 ,0 ,"48,292 ",0 ,"-1,846 ",,,,,
2025/7/4,12:00,"143,607 ","11,029 ",183 ,"8,044 ","73,947 ","3,437 ",900 ,0 ,"48,524 ",0 ,"-2,443 ",,,,,
2025/7/4,13:00,"149,020 ","11,022 ",184 ,"8,562 ","80,519 ","3,409 ",870 ,0 ,"45,152 ",0 ,-693 ,,,,,
2025/7/4,14:00,"149,790 ","11,020 ",183 ,"9,155 ","86,727 ","3,414 ",872 ,0 ,"37,810 ",0 ,624 ,,,,,
2025/7/4,15:00,"148,622 ","11,015 ",186 ,"9,791 ","90,757 ","3,428 ",795 ,0 ,"28,074 ",0 ,"4,592 ",,,,,
2025/7/4,16:00,"145,906 ","11,006 ",182 ,"10,839 ","94,503 ","3,401 ",739 ,0 ,"16,835 ",0 ,"8,420 ",,,,,
2025/7/4,17:00,"136,861 ","11,005 ",180 ,"11,390 ","93,824 ","3,394 ",775 ,0 ,"7,715 ",0 ,"8,621 ",,,,,
2025/7/4,18:00,"131,719 ","10,983 ",178 ,"11,743 ","94,160 ","3,397 ",824 ,0 ,"2,091 ",0 ,"8,390 ",,,,,
2025/7/4,19:00,"127,288 ","10,986 ",181 ,"11,270 ","93,539 ","3,404 ",933 ,0 ,57 ,0 ,"6,965 ",,,,,
2025/7/4,20:00,"120,589 ","10,990 ",180 ,"10,178 ","91,241 ","3,399 ",991 ,0 ,1 ,0 ,"3,648 ",,,,,
2025/7/4,21:00,"113,766 ","10,996 ",183 ,"8,960 ","87,243 ","3,404 ","1,030 ",0 ,0 ,0 ,"1,984 ",,,,,
2025/7/4,22:00,"107,725 ","10,999 ",184 ,"7,989 ","82,942 ","3,405 ","1,133 ",0 ,0 ,0 ,"1,100 ",,,,,
2025/7/4,23:00,"101,289 ","11,003 ",184 ,"7,544 ","77,415 ","3,414 ","1,291 ",0 ,0 ,0 ,466 ,,,,,
2025/7/5,0:00,"93,338 ","11,004 ",181 ,"7,460 ","69,827 ","3,375 ","1,393 ",0 ,0 ,0 ,125 ,,,,,
2025/7/5,1:00,"87,710 ","11,012 ",182 ,"7,331 ","65,471 ","3,348 ","1,243 ",0 ,0 ,0 ,-852 ,,,,,
2025/7/5,2:00,"85,468 ","11,007 ",183 ,"7,327 ","64,080 ","3,354 ","1,272 ",0 ,0 ,0 ,"-1,732 ",,,,,
2025/7/5,3:00,"85,370 ","11,011 ",181 ,"7,557 ","63,546 ","3,356 ","1,459 ",0 ,0 ,0 ,"-1,723 ",,,,,
2025/7/5,4:00,"84,989 ","11,008 ",182 ,"7,350 ","63,716 ","3,350 ","1,430 ",0 ,85 ,0 ,"-2,108 ",,,,,
2025/7/5,5:00,"84,341 ","11,006 ",181 ,"7,433 ","62,187 ","3,352 ","1,383 ",0 ,"1,666 ",0 ,"-2,841 ",,,,,
2025/7/5,6:00,"84,528 ","11,008 ",184 ,"7,155 ","59,934 ","3,356 ","1,283 ",0 ,"6,710 ",0 ,"-5,079 ",,,,,
2025/7/5,7:00,"90,491 ","11,008 ",187 ,"6,996 ","58,987 ","3,382 ","1,263 ",0 ,"15,160 ",0 ,"-6,477 ",,,,,
2025/7/5,8:00,"102,490 ","11,002 ",185 ,"7,215 ","59,130 ","3,386 ","1,348 ",0 ,"24,880 ",0 ,"-4,650 ",,,,,
2025/7/5,9:00,"112,627 ","11,002 ",187 ,"7,475 ","57,527 ","3,379 ","1,299 ",0 ,"33,363 ",0 ,"-1,588 ",,,,,
2025/7/5,10:00,"116,522 ","11,006 ",186 ,"7,241 ","56,621 ","3,371 ","1,230 ",0 ,"39,525 ",0 ,"-2,662 ",,,,,
2025/7/5,11:00,"118,786 ","11,009 ",184 ,"7,147 ","56,273 ","3,362 ","1,216 ",0 ,"42,827 ",0 ,"-3,220 ",,,,,
2025/7/5,12:00,"118,675 ","11,003 ",183 ,"6,838 ","55,940 ","3,370 ","1,085 ",0 ,"43,246 ",0 ,"-2,992 ",,,,,
2025/7/5,13:00,"119,882 ","11,012 ",187 ,"7,105 ","57,862 ","3,388 ","1,180 ",0 ,"42,096 ",0 ,"-2,936 ",,,,,
2025/7/5,14:00,"121,255 ","11,007 ",186 ,"7,595 ","62,014 ","3,389 ","1,148 ",0 ,"37,667 ",0 ,"-1,739 ",,,,,
2025/7/5,15:00,"121,767 ","11,000 ",187 ,"8,160 ","68,848 ","3,384 ",959 ,0 ,"29,594 ",0 ,-360 ,,,,,
2025/7/5,16:00,"121,683 ","10,999 ",183 ,"9,424 ","76,642 ","3,358 ",885 ,0 ,"19,018 ",0 ,"1,172 ",,,,,
2025/7/5,17:00,"120,036 ","10,990 ",180 ,"10,332 ","81,924 ","3,349 ",771 ,0 ,"8,763 ",0 ,"3,739 ",,,,,
2025/7/5,18:00,"118,582 ","10,983 ",180 ,"10,453 ","84,607 ","3,339 ",681 ,0 ,"2,135 ",0 ,"6,231 ",,,,,
2025/7/5,19:00,"116,154 ","10,988 ",180 ,"10,493 ","84,537 ","3,342 ",547 ,0 ,64 ,0 ,"6,023 ",,,,,
2025/7/5,20:00,"111,080 ","10,983 ",179 ,"9,487 ","82,942 ","3,335 ",449 ,0 ,1 ,0 ,"3,742 ",,,,,
2025/7/5,21:00,"104,736 ","10,987 ",177 ,"8,132 ","80,204 ","3,339 ",413 ,0 ,0 ,0 ,"1,507 ",,,,,
2025/7/5,22:00,"99,072 ","10,980 ",176 ,"7,372 ","76,065 ","3,334 ",445 ,0 ,1 ,0 ,728 ,,,,,
2025/7/5,23:00,"93,582 ","10,983 ",177 ,"7,015 ","71,149 ","3,336 ",561 ,0 ,1 ,0 ,387 ,,,,,
2025/7/6,0:00,"86,658 ","10,983 ",176 ,"6,866 ","64,713 ","3,339 ",748 ,0 ,1 ,0 ,-152 ,,,,,
2025/7/6,1:00,"81,512 ","10,990 ",176 ,"6,878 ","59,919 ","3,340 ",864 ,0 ,1 ,0 ,-619 ,,,,,
2025/7/6,2:00,"79,930 ","10,993 ",174 ,"6,918 ","58,596 ","3,338 ",946 ,0 ,0 ,0 ,"-1,006 ",,,,,
2025/7/6,3:00,"79,940 ","11,002 ",172 ,"7,125 ","58,688 ","3,345 ",931 ,0 ,0 ,0 ,"-1,289 ",,,,,
2025/7/6,4:00,"80,104 ","11,001 ",170 ,"7,423 ","58,239 ","3,346 ",919 ,0 ,121 ,0 ,"-1,080 ",,,,,
2025/7/6,5:00,"79,815 ","11,001 ",174 ,"7,512 ","56,189 ","3,362 ",920 ,0 ,"2,170 ",0 ,"-1,484 ",,,,,
2025/7/6,6:00,"80,741 ","10,999 ",176 ,"7,054 ","53,290 ","3,369 ",892 ,0 ,"9,393 ",0 ,"-4,417 ",,,,,
2025/7/6,7:00,"86,721 ","11,003 ",180 ,"6,980 ","50,829 ","3,384 ",943 ,0 ,"20,759 ",0 ,"-7,326 ",,,,,
2025/7/6,8:00,"96,218 ","11,008 ",182 ,"7,123 ","49,985 ","3,389 ","1,003 ",0 ,"31,908 ",0 ,"-8,363 ",,,,,
2025/7/6,9:00,"105,642 ","11,002 ",181 ,"7,096 ","51,616 ","3,383 ","1,095 ",0 ,"39,996 ",0 ,"-8,712 ",,,,,
2025/7/6,10:00,"110,985 ","11,011 ",183 ,"6,930 ","51,664 ","3,372 ","1,189 ",0 ,"45,472 ",0 ,"-8,825 ",,,,,
2025/7/6,11:00,"114,932 ","11,006 ",183 ,"6,757 ","52,904 ","3,250 ","1,204 ",0 ,"48,785 ",0 ,"-9,149 ",,,,,
2025/7/6,12:00,"117,190 ","10,997 ",181 ,"6,698 ","52,320 ","3,240 ","1,228 ",0 ,"49,104 ",0 ,"-6,558 ",,,,,
2025/7/6,13:00,"118,289 ","10,995 ",181 ,"6,761 ","53,686 ","3,361 ","1,246 ",0 ,"46,822 ",0 ,"-4,747 ",,,,,
2025/7/6,14:00,"118,287 ","10,993 ",179 ,"7,107 ","57,601 ","3,363 ","1,212 ",0 ,"41,783 ",0 ,"-3,942 ",,,,,
2025/7/6,15:00,"118,396 ","10,995 ",180 ,"7,795 ","63,513 ","3,364 ","1,147 ",0 ,"33,342 ",0 ,"-1,928 ",,,,,
2025/7/6,16:00,"119,650 ","10,986 ",176 ,"8,773 ","73,306 ","3,354 ","1,057 ",0 ,"21,500 ",0 ,497 ,,,,,
2025/7/6,17:00,"120,201 ","10,974 ",175 ,"9,753 ","82,383 ","3,382 ",940 ,0 ,"9,916 ",0 ,"2,700 ",,,,,
2025/7/6,18:00,"119,607 ","10,978 ",173 ,"10,066 ","86,202 ","3,379 ",860 ,0 ,"2,409 ",0 ,"5,563 ",,,,,
2025/7/6,19:00,"117,957 ","10,977 ",175 ,"9,823 ","86,457 ","3,385 ",856 ,0 ,63 ,0 ,"6,245 ",,,,,
2025/7/6,20:00,"113,445 ","10,991 ",173 ,"8,819 ","84,924 ","3,389 ",859 ,0 ,2 ,0 ,"4,305 ",,,,,
2025/7/6,21:00,"107,821 ","10,996 ",174 ,"7,601 ","82,217 ","3,390 ",904 ,0 ,1 ,0 ,"2,556 ",,,,,
2025/7/6,22:00,"101,366 ","10,995 ",174 ,"6,760 ","77,740 ","3,400 ",943 ,0 ,0 ,0 ,"1,376 ",,,,,
2025/7/6,23:00,"95,081 ","10,997 ",175 ,"6,522 ","72,774 ","3,411 ",944 ,0 ,1 ,0 ,278 ,,,,,
2025/7/7,0:00,"87,481 ","10,997 ",174 ,"6,707 ","65,966 ","3,402 ",906 ,0 ,1 ,0 ,-646 ,,,,,
2025/7/7,1:00,"82,451 ","11,000 ",175 ,"6,658 ","63,018 ","3,401 ",913 ,0 ,1 ,0 ,"-2,700 ",,,,,
2025/7/7,2:00,"80,770 ","11,008 ",174 ,"6,620 ","62,638 ","3,406 ",862 ,0 ,1 ,0 ,"-3,911 ",,,,,
2025/7/7,3:00,"81,637 ","11,014 ",175 ,"6,740 ","62,957 ","3,405 ",830 ,0 ,1 ,0 ,"-3,461 ",,,,,
2025/7/7,4:00,"82,839 ","11,001 ",176 ,"7,023 ","63,063 ","3,395 ",863 ,0 ,114 ,0 ,"-2,771 ",,,,,
2025/7/7,5:00,"85,540 ","11,008 ",175 ,"7,151 ","62,901 ","3,411 ",737 ,0 ,"2,088 ",0 ,"-1,902 ",,,,,
2025/7/7,6:00,"92,477 ","11,004 ",176 ,"6,782 ","64,531 ","3,410 ",635 ,0 ,"8,464 ",0 ,"-2,501 ",,,,,
2025/7/7,7:00,"106,344 ","11,010 ",177 ,"6,902 ","69,109 ","3,414 ",475 ,0 ,"18,417 ",0 ,"-3,136 ",,,,,
2025/7/7,8:00,"126,840 ","11,005 ",181 ,"7,274 ","77,170 ","3,424 ",449 ,0 ,"29,258 ",0 ,"-1,898 ",,,,,
2025/7/7,9:00,"141,456 ","11,002 ",183 ,"7,579 ","81,169 ","3,414 ",423 ,0 ,"39,142 ",0 ,"-1,444 ",,,,,
2025/7/7,10:00,"146,176 ","11,004 ",181 ,"7,527 ","80,599 ","3,411 ",336 ,0 ,"45,204 ",0 ,"-2,063 ",,,,,
2025/7/7,11:00,"149,305 ","11,002 ",181 ,"8,032 ","80,471 ","3,405 ",319 ,0 ,"48,438 ",0 ,"-2,527 ",,,,,
2025/7/7,12:00,"147,295 ","11,000 ",179 ,"7,787 ","78,409 ","3,412 ",307 ,0 ,"49,639 ",0 ,"-3,433 ",,,,,
2025/7/7,13:00,"153,296 ","10,991 ",180 ,"8,635 ","84,401 ","3,402 ",306 ,0 ,"47,389 ",0 ,"-1,988 ",,,,,
2025/7/7,14:00,"154,976 ","10,982 ",179 ,"8,878 ","89,518 ","3,396 ",324 ,0 ,"41,219 ",0 ,507 ,,,,,
2025/7/7,15:00,"154,689 ","10,982 ",176 ,"10,107 ","94,169 ","3,381 ",317 ,0 ,"31,498 ",0 ,"4,057 ",,,,,
2025/7/7,16:00,"153,047 ","10,978 ",173 ,"11,207 ","98,215 ","3,373 ",331 ,0 ,"19,616 ",0 ,"9,175 ",,,,,
2025/7/7,17:00,"146,062 ","10,983 ",173 ,"11,763 ","99,574 ","3,405 ",328 ,0 ,"8,982 ",0 ,"10,900 ",,,,,
2025/7/7,18:00,"140,911 ","10,995 ",172 ,"11,545 ","100,570 ","3,409 ",302 ,0 ,"2,148 ",0 ,"11,800 ",,,,,
2025/7/7,19:00,"135,240 ","11,003 ",172 ,"10,966 ","100,068 ","3,406 ",322 ,0 ,54 ,0 ,"9,285 ",,,,,
2025/7/7,20:00,"128,242 ","10,999 ",173 ,"9,546 ","98,724 ","3,425 ",337 ,0 ,1 ,0 ,"5,067 ",,,,,
2025/7/7,21:00,"120,848 ","10,991 ",173 ,"8,395 ","95,505 ","3,472 ",340 ,0 ,0 ,0 ,"2,000 ",,,,,
2025/7/7,22:00,"113,708 ","10,994 ",175 ,"7,473 ","90,556 ","3,478 ",325 ,0 ,0 ,0 ,732 ,,,,,
2025/7/7,23:00,"106,395 ","11,000 ",175 ,"7,045 ","84,078 ","3,473 ",402 ,0 ,0 ,0 ,253 ,,,,,
2025/7/8,0:00,"97,734 ","10,991 ",175 ,"6,699 ","77,357 ","3,472 ",464 ,0 ,0 ,0 ,"-1,401 ",,,,,
2025/7/8,1:00,"91,901 ","10,998 ",175 ,"6,738 ","74,415 ","3,464 ",313 ,0 ,0 ,0 ,"-4,170 ",,,,,
2025/7/8,2:00,"89,679 ","10,992 ",176 ,"6,535 ","74,166 ","3,472 ",231 ,0 ,0 ,0 ,"-5,863 ",,,,,
2025/7/8,3:00,"89,656 ","10,991 ",176 ,"6,699 ","74,047 ","3,484 ",216 ,0 ,0 ,0 ,"-5,918 ",,,,,
2025/7/8,4:00,"90,391 ","10,991 ",176 ,"6,764 ","74,852 ","3,485 ",227 ,0 ,114 ,0 ,"-6,185 ",,,,,
2025/7/8,5:00,"92,556 ","10,986 ",175 ,"7,141 ","75,110 ","3,490 ",205 ,0 ,"1,985 ",0 ,"-6,503 ",,,,,
2025/7/8,6:00,"98,317 ","10,992 ",177 ,"6,840 ","74,932 ","3,496 ",162 ,0 ,"8,131 ",0 ,"-6,383 ",,,,,
2025/7/8,7:00,"110,773 ","10,999 ",174 ,"7,102 ","76,562 ","3,516 ",133 ,0 ,"17,717 ",0 ,"-5,414 ",,,,,
2025/7/8,8:00,"129,882 ","10,995 ",179 ,"7,600 ","81,417 ","3,513 ",123 ,0 ,"29,471 ",0 ,"-3,392 ",,,,,
2025/7/8,9:00,"144,481 ","10,996 ",179 ,"7,696 ","83,409 ","3,513 ",151 ,0 ,"39,968 ",0 ,"-1,412 ",,,,,
2025/7/8,10:00,"150,116 ","10,999 ",177 ,"7,655 ","82,214 ","3,498 ",182 ,0 ,"47,181 ",0 ,"-1,768 ",,,,,
2025/7/8,11:00,"153,458 ","10,989 ",176 ,"7,775 ","82,753 ","3,459 ",190 ,0 ,"50,123 ",0 ,"-1,981 ",,,,,
2025/7/8,12:00,"150,792 ","10,992 ",179 ,"7,347 ","82,327 ","3,474 ",233 ,0 ,"48,822 ",0 ,"-2,560 ",,,,,
2025/7/8,13:00,"155,145 ","10,992 ",181 ,"7,968 ","87,701 ","3,465 ",287 ,0 ,"45,484 ",0 ,-911 ,,,,,
2025/7/8,14:00,"155,012 ","10,990 ",180 ,"8,725 ","91,115 ","3,503 ",359 ,0 ,"39,201 ",0 ,965 ,,,,,
2025/7/8,15:00,"153,282 ","10,992 ",194 ,"9,685 ","94,919 ","3,526 ",403 ,0 ,"30,019 ",0 ,"3,568 ",,,,,
2025/7/8,16:00,"150,951 ","10,996 ",209 ,"10,735 ","99,001 ","3,531 ",424 ,0 ,"18,635 ",0 ,"7,437 ",,,,,
2025/7/8,17:00,"143,368 ","10,987 ",210 ,"11,199 ","99,189 ","3,504 ",482 ,0 ,"8,041 ",0 ,"9,787 ",,,,,
2025/7/8,18:00,"138,103 ","11,000 ",209 ,"11,413 ","99,205 ","3,479 ",502 ,0 ,"1,740 ",0 ,"10,579 ",,,,,
2025/7/8,19:00,"132,974 ","11,005 ",213 ,"11,086 ","98,335 ","3,489 ",452 ,0 ,45 ,0 ,"8,378 ",,,,,
2025/7/8,20:00,"126,771 ","11,019 ",227 ,"9,823 ","96,103 ","3,489 ",378 ,0 ,1 ,0 ,"5,739 ",,,,,
2025/7/8,21:00,"119,226 ","11,021 ",236 ,"8,601 ","92,579 ","3,515 ",344 ,0 ,0 ,0 ,"2,952 ",,,,,
2025/7/8,22:00,"112,718 ","11,015 ",237 ,"7,620 ","88,692 ","3,529 ",279 ,0 ,0 ,0 ,"1,372 ",,,,,
2025/7/8,23:00,"105,590 ","11,010 ",236 ,"7,247 ","82,610 ","3,537 ",292 ,0 ,0 ,0 ,682 ,,,,,
2025/7/9,0:00,"97,033 ","11,006 ",235 ,"7,099 ","75,763 ","3,536 ",279 ,0 ,0 ,0 ,-851 ,,,,,
2025/7/9,1:00,"91,510 ","10,946 ",236 ,"6,994 ","74,134 ","3,533 ",315 ,0 ,0 ,0 ,"-4,625 ",,,,,
2025/7/9,2:00,"89,329 ","10,929 ",236 ,"6,954 ","73,478 ","3,541 ",311 ,0 ,0 ,0 ,"-6,086 ",,,,,
2025/7/9,3:00,"89,201 ","10,950 ",237 ,"7,077 ","72,975 ","3,546 ",312 ,0 ,0 ,0 ,"-5,878 ",,,,,
2025/7/9,4:00,"89,771 ","10,971 ",235 ,"7,213 ","73,312 ","3,546 ",323 ,0 ,96 ,0 ,"-5,888 ",,,,,
2025/7/9,5:00,"91,698 ","10,992 ",236 ,"7,432 ","73,242 ","3,555 ",338 ,0 ,"2,057 ",0 ,"-6,129 ",,,,,
2025/7/9,6:00,"97,047 ","10,992 ",238 ,"7,244 ","73,493 ","3,566 ",274 ,0 ,"8,812 ",0 ,"-7,545 ",,,,,
2025/7/9,7:00,"109,840 ","11,004 ",240 ,"7,235 ","74,366 ","3,582 ",216 ,0 ,"19,691 ",0 ,"-6,487 ",,,,,
2025/7/9,8:00,"129,740 ","11,009 ",243 ,"7,802 ","78,319 ","3,588 ",221 ,0 ,"31,596 ",0 ,"-3,022 ",,,,,
2025/7/9,9:00,"143,494 ","11,010 ",243 ,"8,002 ","80,546 ","3,584 ",221 ,0 ,"41,589 ",0 ,"-1,666 ",,,,,
2025/7/9,10:00,"148,855 ","11,011 ",241 ,"8,258 ","79,459 ","3,589 ",238 ,0 ,"48,118 ",0 ,"-2,043 ",,,,,
2025/7/9,11:00,"151,516 ","11,007 ",242 ,"8,207 ","79,791 ","3,596 ",292 ,0 ,"50,961 ",0 ,"-2,556 ",,,,,
2025/7/9,12:00,"148,946 ","11,004 ",246 ,"7,576 ","78,642 ","3,621 ",341 ,0 ,"50,659 ",0 ,"-3,119 ",,,,,
2025/7/9,13:00,"153,679 ","11,001 ",246 ,"8,123 ","85,196 ","3,601 ",386 ,0 ,"47,002 ",0 ,"-1,849 ",,,,,
2025/7/9,14:00,"153,726 ","11,007 ",244 ,"8,949 ","89,650 ","3,620 ",444 ,0 ,"40,345 ",0 ,-502 ,,,,,
2025/7/9,15:00,"151,827 ","10,998 ",248 ,"9,992 ","92,881 ","3,565 ",499 ,0 ,"30,889 ",0 ,"2,797 ",,,,,
2025/7/9,16:00,"149,242 ","10,977 ",247 ,"11,207 ","96,210 ","3,569 ",483 ,0 ,"19,336 ",0 ,"7,255 ",,,,,
2025/7/9,17:00,"141,117 ","10,985 ",246 ,"11,967 ","97,003 ","3,571 ",466 ,0 ,"8,743 ",0 ,"8,168 ",,,,,
2025/7/9,18:00,"135,625 ","10,985 ",244 ,"12,101 ","97,141 ","3,548 ",467 ,0 ,"2,118 ",0 ,"9,067 ",,,,,
2025/7/9,19:00,"130,531 ","11,000 ",244 ,"11,577 ","96,384 ","3,532 ",430 ,0 ,54 ,0 ,"7,349 ",,,,,
2025/7/9,20:00,"124,064 ","11,002 ",245 ,"10,127 ","94,405 ","3,531 ",409 ,0 ,1 ,0 ,"4,370 ",,,,,
2025/7/9,21:00,"117,166 ","10,999 ",246 ,"8,607 ","91,537 ","3,530 ",446 ,0 ,0 ,0 ,"1,839 ",,,,,
2025/7/9,22:00,"110,625 ","11,007 ",246 ,"7,833 ","86,658 ","3,527 ",435 ,0 ,0 ,0 ,943 ,,,,,
2025/7/9,23:00,"103,522 ","10,999 ",246 ,"7,355 ","80,632 ","3,531 ",537 ,0 ,0 ,0 ,245 ,,,,,
2025/7/10,0:00,"95,539 ","10,996 ",245 ,"7,214 ","74,767 ","3,565 ",626 ,0 ,0 ,0 ,"-1,841 ",,,,,
2025/7/10,1:00,"89,872 ","11,002 ",245 ,"7,173 ","72,447 ","3,566 ",712 ,0 ,0 ,0 ,"-5,254 ",,,,,
2025/7/10,2:00,"87,582 ","11,000 ",246 ,"7,162 ","72,058 ","3,547 ",652 ,0 ,0 ,0 ,"-7,065 ",,,,,
2025/7/10,3:00,"87,666 ","11,004 ",246 ,"7,330 ","72,675 ","3,563 ",640 ,0 ,0 ,0 ,"-7,772 ",,,,,
2025/7/10,4:00,"88,337 ","11,004 ",247 ,"7,468 ","72,678 ","3,566 ",692 ,0 ,77 ,0 ,"-7,370 ",,,,,
2025/7/10,5:00,"90,394 ","11,006 ",243 ,"7,548 ","72,409 ","3,565 ",713 ,0 ,"1,825 ",0 ,"-6,891 ",,,,,
2025/7/10,6:00,"96,081 ","11,008 ",244 ,"7,070 ","72,196 ","3,577 ",766 ,0 ,"8,152 ",0 ,"-6,917 ",,,,,
2025/7/10,7:00,"108,608 ","11,014 ",245 ,"7,265 ","73,232 ","3,584 ",761 ,0 ,"18,167 ",0 ,"-5,644 ",,,,,
2025/7/10,8:00,"127,938 ","11,010 ",248 ,"7,904 ","78,711 ","3,595 ",833 ,0 ,"28,251 ",0 ,"-2,594 ",,,,,
2025/7/10,9:00,"141,271 ","11,007 ",248 ,"8,037 ","82,195 ","3,600 ",875 ,0 ,"36,345 ",0 ,"-1,022 ",,,,,
2025/7/10,10:00,"145,848 ","11,007 ",249 ,"8,242 ","81,604 ","3,604 ",996 ,0 ,"41,329 ",0 ,"-1,151 ",,,,,
2025/7/10,11:00,"148,791 ","11,006 ",249 ,"8,148 ","82,016 ","3,592 ","1,025 ",0 ,"44,478 ",0 ,"-1,703 ",,,,,
2025/7/10,12:00,"146,606 ","11,000 ",247 ,"7,477 ","81,579 ","3,606 ","1,031 ",0 ,"44,404 ",0 ,"-2,726 ",,,,,
2025/7/10,13:00,"151,966 ","10,991 ",247 ,"8,627 ","87,797 ","3,572 ","1,049 ",0 ,"39,550 ",0 ,167 ,,,,,
2025/7/10,14:00,"152,434 ","10,983 ",246 ,"9,083 ","91,469 ","3,579 ","1,139 ",0 ,"32,098 ",0 ,"3,865 ",,,,,
2025/7/10,15:00,"148,656 ","10,990 ",245 ,"10,133 ","94,057 ","3,576 ","1,177 ",0 ,"22,768 ",0 ,"5,730 ",,,,,
2025/7/10,16:00,"144,721 ","10,996 ",244 ,"11,180 ","96,998 ","3,561 ","1,234 ",0 ,"13,926 ",0 ,"6,612 ",,,,,
2025/7/10,17:00,"136,492 ","10,983 ",241 ,"11,242 ","96,559 ","3,557 ","1,357 ",0 ,"6,025 ",0 ,"6,557 ",,,,,
2025/7/10,18:00,"130,572 ","10,990 ",240 ,"11,252 ","95,593 ","3,558 ","1,421 ",0 ,"1,560 ",0 ,"5,988 ",,,,,
2025/7/10,19:00,"124,940 ","10,993 ",241 ,"11,036 ","93,191 ","3,567 ","1,468 ",0 ,49 ,0 ,"4,423 ",,,,,
2025/7/10,20:00,"118,795 ","11,015 ",242 ,"9,931 ","89,763 ","3,581 ","1,496 ",0 ,4 ,0 ,"2,793 ",,,,,
2025/7/10,21:00,"112,244 ","11,008 ",243 ,"9,002 ","85,423 ","3,579 ","1,559 ",0 ,3 ,0 ,"1,468 ",,,,,
2025/7/10,22:00,"106,185 ","11,017 ",243 ,"8,528 ","80,554 ","3,576 ","1,529 ",0 ,3 ,0 ,757 ,,,,,
2025/7/10,23:00,"99,697 ","11,008 ",244 ,"8,110 ","74,911 ","3,582 ","1,509 ",0 ,3 ,0 ,362 ,,,,,
2025/7/11,0:00,"91,736 ","11,010 ",244 ,"7,726 ","69,421 ","3,573 ","1,402 ",0 ,3 ,0 ,"-1,607 ",,,,,
2025/7/11,1:00,"86,301 ","11,008 ",242 ,"7,616 ","66,749 ","3,567 ","1,353 ",0 ,2 ,0 ,"-4,213 ",,,,,
2025/7/11,2:00,"84,582 ","11,007 ",244 ,"7,810 ","66,231 ","3,571 ","1,307 ",0 ,3 ,0 ,"-5,563 ",,,,,
2025/7/11,3:00,"84,591 ","11,012 ",244 ,"7,858 ","66,492 ","3,576 ","1,254 ",0 ,3 ,0 ,"-5,823 ",,,,,
2025/7/11,4:00,"85,350 ","11,008 ",244 ,"8,013 ","67,479 ","3,573 ","1,241 ",0 ,70 ,0 ,"-6,251 ",,,,,
2025/7/11,5:00,"87,078 ","11,013 ",244 ,"8,127 ","66,508 ","3,574 ","1,281 ",0 ,"1,270 ",0 ,"-4,905 ",,,,,
2025/7/11,6:00,"91,064 ","11,012 ",244 ,"7,647 ","65,556 ","3,573 ","1,337 ",0 ,"5,652 ",0 ,"-3,930 ",,,,,
2025/7/11,7:00,"100,978 ","11,018 ",245 ,"7,721 ","67,568 ","3,581 ","1,377 ",0 ,"12,746 ",0 ,"-3,259 ",,,,,
2025/7/11,8:00,"117,383 ","11,014 ",250 ,"8,368 ","73,752 ","3,591 ","1,287 ",0 ,"20,017 ",0 ,-863 ,,,,,
2025/7/11,9:00,"128,402 ","10,997 ",253 ,"8,760 ","77,477 ","3,604 ","1,195 ",0 ,"25,643 ",0 ,502 ,,,,,
2025/7/11,10:00,"130,754 ","10,935 ",254 ,"8,961 ","75,605 ","3,623 ","1,097 ",0 ,"30,419 ",0 ,-114 ,,,,,
2025/7/11,11:00,"132,764 ","10,951 ",251 ,"8,866 ","74,994 ","3,617 ","1,087 ",0 ,"32,799 ",0 ,215 ,,,,,
2025/7/11,12:00,"128,961 ","10,970 ",252 ,"8,321 ","72,294 ","3,636 ","1,097 ",0 ,"32,200 ",0 ,214 ,,,,,
2025/7/11,13:00,"133,478 ","10,996 ",250 ,"8,834 ","78,309 ","3,620 ","1,094 ",0 ,"29,542 ",0 ,857 ,,,,,
2025/7/11,14:00,"133,281 ","11,001 ",250 ,"9,448 ","81,104 ","3,631 ","1,195 ",0 ,"25,176 ",0 ,"1,508 ",,,,,
2025/7/11,15:00,"131,835 ","11,003 ",249 ,"10,838 ","81,808 ","3,663 ","1,182 ",0 ,"19,359 ",0 ,"3,762 ",,,,,
2025/7/11,16:00,"129,779 ","10,993 ",246 ,"11,424 ","84,120 ","3,645 ","1,180 ",0 ,"12,163 ",0 ,"6,036 ",,,,,
2025/7/11,17:00,"122,974 ","10,989 ",242 ,"11,478 ","83,853 ","3,628 ","1,233 ",0 ,"5,362 ",0 ,"6,226 ",,,,,
2025/7/11,18:00,"118,641 ","10,998 ",243 ,"11,103 ","84,839 ","3,591 ","1,292 ",0 ,"1,263 ",0 ,"5,339 ",,,,,
2025/7/11,19:00,"114,858 ","11,006 ",244 ,"10,692 ","84,654 ","3,601 ","1,325 ",0 ,35 ,0 ,"3,337 ",,,,,
2025/7/11,20:00,"109,341 ","11,019 ",244 ,"9,607 ","81,801 ","3,596 ","1,292 ",0 ,3 ,0 ,"1,802 ",,,,,
2025/7/11,21:00,"103,455 ","11,014 ",243 ,"8,642 ","76,878 ","3,598 ","1,221 ",0 ,2 ,0 ,"1,879 ",,,,,
2025/7/11,22:00,"98,430 ","11,013 ",244 ,"7,988 ","72,713 ","3,598 ","1,148 ",0 ,2 ,0 ,"1,747 ",,,,,
2025/7/11,23:00,"93,334 ","11,011 ",244 ,"7,784 ","68,330 ","3,602 ",960 ,0 ,2 ,0 ,"1,436 ",,,,,
2025/7/12,0:00,"86,297 ","11,013 ",244 ,"7,700 ","62,582 ","3,514 ",885 ,0 ,2 ,0 ,380 ,,,,,
2025/7/12,1:00,"81,460 ","11,017 ",244 ,"7,555 ","58,366 ","3,487 ",779 ,0 ,2 ,0 ,33 ,,,,,
2025/7/12,2:00,"79,774 ","11,009 ",245 ,"7,606 ","56,685 ","3,484 ",727 ,0 ,2 ,0 ,38 ,,,,,
2025/7/12,3:00,"80,141 ","11,013 ",244 ,"7,581 ","57,014 ","3,493 ",687 ,0 ,2 ,0 ,137 ,,,,,
2025/7/12,4:00,"80,352 ","11,010 ",244 ,"7,634 ","57,141 ","3,485 ",722 ,0 ,79 ,0 ,67 ,,,,,
2025/7/12,5:00,"80,161 ","11,014 ",245 ,"7,470 ","55,630 ","3,489 ",691 ,0 ,"1,549 ",0 ,119 ,,,,,
2025/7/12,6:00,"80,055 ","11,019 ",246 ,"7,374 ","52,245 ","3,521 ",698 ,0 ,"6,703 ",0 ,"-1,724 ",,,,,
2025/7/12,7:00,"83,838 ","11,028 ",250 ,"7,503 ","50,372 ","3,525 ",696 ,0 ,"13,913 ",0 ,"-3,411 ",,,,,
2025/7/12,8:00,"92,121 ","11,025 ",250 ,"7,777 ","51,162 ","3,536 ",678 ,0 ,"20,750 ",0 ,"-3,025 ",,,,,
2025/7/12,9:00,"99,489 ","11,018 ",251 ,"7,809 ","50,681 ","3,534 ",689 ,0 ,"27,753 ",0 ,"-2,221 ",,,,,
2025/7/12,10:00,"102,855 ","11,024 ",251 ,"7,603 ","48,905 ","3,549 ",693 ,0 ,"33,041 ",0 ,"-2,184 ",,,,,
2025/7/12,11:00,"105,444 ","11,018 ",250 ,"7,495 ","47,574 ","3,509 ",685 ,0 ,"37,442 ",0 ,"-2,502 ",,,,,
2025/7/12,12:00,"106,333 ","11,017 ",252 ,"7,246 ","46,466 ","3,437 ",664 ,0 ,"38,719 ",0 ,"-1,449 ",,,,,
2025/7/12,13:00,"107,005 ","11,012 ",252 ,"7,444 ","48,548 ","3,533 ",662 ,0 ,"36,736 ",0 ,"-1,168 ",,,,,
2025/7/12,14:00,"106,582 ","11,013 ",250 ,"7,649 ","51,470 ","3,596 ",678 ,0 ,"32,714 ",0 ,-771 ,,,,,
2025/7/12,15:00,"106,498 ","11,014 ",248 ,"8,189 ","57,200 ","3,587 ",672 ,0 ,"25,658 ",0 ,-57 ,,,,,
2025/7/12,16:00,"106,443 ","11,010 ",245 ,"9,326 ","64,788 ","3,543 ",659 ,0 ,"16,248 ",0 ,634 ,,,,,
2025/7/12,17:00,"105,673 ","10,997 ",241 ,"9,903 ","71,871 ","3,522 ",603 ,0 ,"7,199 ",0 ,"1,370 ",,,,,
2025/7/12,18:00,"104,500 ","10,995 ",242 ,"10,256 ","75,032 ","3,488 ",603 ,0 ,"1,515 ",0 ,"2,415 ",,,,,
2025/7/12,19:00,"102,807 ","11,002 ",242 ,"9,975 ","74,829 ","3,493 ",628 ,0 ,28 ,0 ,"2,641 ",,,,,
2025/7/12,20:00,"98,886 ","11,008 ",244 ,"9,012 ","72,651 ","3,488 ",581 ,0 ,2 ,0 ,"1,934 ",,,,,
2025/7/12,21:00,"93,800 ","11,019 ",243 ,"8,009 ","68,771 ","3,487 ",587 ,0 ,1 ,0 ,"1,708 ",,,,,
2025/7/12,22:00,"89,668 ","11,014 ",244 ,"7,428 ","65,152 ","3,488 ",601 ,0 ,0 ,0 ,"1,765 ",,,,,
2025/7/12,23:00,"85,491 ","11,013 ",245 ,"7,033 ","61,664 ","3,499 ",708 ,0 ,0 ,0 ,"1,359 ",,,,,
2025/7/13,0:00,"79,490 ","11,010 ",245 ,"7,283 ","56,106 ","3,485 ",830 ,0 ,0 ,0 ,546 ,,,,,
2025/7/13,1:00,"75,171 ","11,017 ",245 ,"7,258 ","53,118 ","3,473 ",820 ,0 ,0 ,0 ,-737 ,,,,,
2025/7/13,2:00,"74,062 ","11,016 ",246 ,"7,242 ","52,665 ","3,451 ",802 ,0 ,0 ,0 ,"-1,338 ",,,,,
2025/7/13,3:00,"74,722 ","11,015 ",246 ,"7,627 ","52,293 ","3,429 ",786 ,0 ,0 ,0 ,-644 ,,,,,
2025/7/13,4:00,"75,547 ","11,014 ",245 ,"7,674 ","52,504 ","3,430 ",815 ,0 ,81 ,0 ,-188 ,,,,,
2025/7/13,5:00,"75,805 ","11,015 ",246 ,"7,440 ","51,627 ","3,440 ",795 ,0 ,"1,703 ",0 ,-430 ,,,,,
2025/7/13,6:00,"75,529 ","11,021 ",246 ,"7,268 ","49,079 ","3,445 ",689 ,0 ,"8,145 ",0 ,"-4,329 ",,,,,
2025/7/13,7:00,"79,594 ","11,027 ",251 ,"7,140 ","45,096 ","3,481 ",638 ,0 ,"18,842 ",0 ,"-6,863 ",,,,,
2025/7/13,8:00,"87,700 ","11,028 ",253 ,"7,297 ","43,406 ","3,488 ",622 ,0 ,"29,840 ",0 ,"-8,227 ",,,,,
2025/7/13,9:00,"96,685 ","11,027 ",253 ,"7,428 ","43,215 ","3,471 ",651 ,0 ,"38,335 ",0 ,"-7,673 ",,,,,
2025/7/13,10:00,"101,430 ","11,024 ",251 ,"7,358 ","43,135 ","3,302 ",741 ,0 ,"42,594 ",0 ,"-6,954 ",,,,,
2025/7/13,11:00,"104,973 ","11,028 ",248 ,"7,135 ","43,777 ","3,257 ",780 ,0 ,"44,977 ",0 ,"-6,217 ",,,,,
2025/7/13,12:00,"107,239 ","10,973 ",248 ,"6,975 ","45,452 ","3,307 ",810 ,0 ,"45,235 ",0 ,"-5,742 ",,,,,
2025/7/13,13:00,"108,490 ","10,982 ",252 ,"7,140 ","47,028 ","3,371 ",849 ,0 ,"44,048 ",0 ,"-5,172 ",,,,,
2025/7/13,14:00,"108,711 ","11,013 ",254 ,"7,474 ","50,134 ","3,387 ",923 ,0 ,"38,690 ",0 ,"-3,160 ",,,,,
2025/7/13,15:00,"109,276 ","11,012 ",252 ,"8,038 ","57,814 ","3,425 ",938 ,0 ,"29,849 ",0 ,"-2,040 ",,,,,
2025/7/13,16:00,"110,527 ","11,003 ",249 ,"8,879 ","67,302 ","3,429 ",910 ,0 ,"18,780 ",0 ,-6 ,,,,,
2025/7/13,17:00,"111,268 ","11,007 ",244 ,"9,642 ","76,350 ","3,407 ",939 ,0 ,"7,993 ",0 ,"1,701 ",,,,,
2025/7/13,18:00,"110,734 ","11,013 ",241 ,"10,072 ","80,207 ","3,369 ","1,024 ",0 ,"1,635 ",0 ,"3,210 ",,,,,
2025/7/13,19:00,"109,047 ","11,017 ",243 ,"10,029 ","79,738 ","3,374 ","1,086 ",0 ,30 ,0 ,"3,552 ",,,,,
2025/7/13,20:00,"104,834 ","11,016 ",244 ,"9,258 ","77,726 ","3,378 ","1,140 ",0 ,1 ,0 ,"2,096 ",,,,,
2025/7/13,21:00,"99,617 ","11,017 ",243 ,"8,539 ","74,058 ","3,389 ","1,176 ",0 ,0 ,0 ,"1,216 ",,,,,
2025/7/13,22:00,"94,202 ","11,022 ",243 ,"7,552 ","70,274 ","3,399 ","1,222 ",0 ,0 ,0 ,500 ,,,,,
2025/7/13,23:00,"88,844 ","11,025 ",243 ,"7,177 ","65,522 ","3,408 ","1,300 ",0 ,0 ,0 ,190 ,,,,,
2025/7/14,0:00,"82,418 ","11,026 ",242 ,"7,043 ","60,010 ","3,450 ","1,442 ",0 ,1 ,0 ,-782 ,,,,,
2025/7/14,1:00,"77,962 ","11,029 ",243 ,"7,121 ","56,639 ","3,483 ","1,539 ",0 ,1 ,0 ,"-2,076 ",,,,,
2025/7/14,2:00,"76,731 ","11,028 ",243 ,"7,083 ","56,041 ","3,512 ","1,668 ",0 ,1 ,0 ,"-2,831 ",,,,,
2025/7/14,3:00,"77,661 ","11,033 ",242 ,"7,243 ","56,288 ","3,512 ","1,636 ",0 ,1 ,0 ,"-2,262 ",,,,,
2025/7/14,4:00,"79,208 ","11,030 ",243 ,"7,310 ","57,772 ","3,510 ","1,601 ",0 ,85 ,0 ,"-2,327 ",,,,,
2025/7/14,5:00,"81,932 ","11,031 ",242 ,"7,443 ","58,533 ","3,523 ","1,551 ",0 ,"1,640 ",0 ,"-2,017 ",,,,,
2025/7/14,6:00,"87,861 ","11,029 ",244 ,"7,538 ","59,137 ","3,519 ","1,559 ",0 ,"6,659 ",0 ,"-1,803 ",,,,,
2025/7/14,7:00,"99,408 ","11,030 ",247 ,"7,785 ","62,417 ","3,547 ","1,589 ",0 ,"13,692 ",0 ,-884 ,,,,,
2025/7/14,8:00,"117,800 ","11,030 ",248 ,"8,291 ","71,220 ","3,543 ","1,767 ",0 ,"20,645 ",0 ,"1,077 ",,,,,
2025/7/14,9:00,"129,329 ","11,027 ",249 ,"8,566 ","78,308 ","3,550 ","1,822 ",0 ,"24,571 ",0 ,"1,272 ",,,,,
2025/7/14,10:00,"132,062 ","11,029 ",249 ,"8,397 ","79,156 ","3,550 ","1,837 ",0 ,"27,471 ",0 ,415 ,,,,,
2025/7/14,11:00,"133,722 ","11,028 ",250 ,"8,431 ","79,235 ","3,549 ","1,887 ",0 ,"29,380 ",0 ,-19 ,,,,,
2025/7/14,12:00,"130,078 ","11,026 ",250 ,"8,291 ","76,731 ","3,553 ","1,886 ",0 ,"29,438 ",0 ,"-1,069 ",,,,,
2025/7/14,13:00,"134,685 ","11,029 ",250 ,"8,824 ","82,123 ","3,526 ","1,827 ",0 ,"27,352 ",0 ,-221 ,,,,,
2025/7/14,14:00,"134,189 ","11,023 ",250 ,"9,225 ","84,153 ","3,517 ","1,668 ",0 ,"23,747 ",0 ,631 ,,,,,
2025/7/14,15:00,"133,146 ","11,024 ",247 ,"9,701 ","86,352 ","3,494 ","1,652 ",0 ,"18,786 ",0 ,"1,928 ",,,,,
2025/7/14,16:00,"132,737 ","11,016 ",245 ,"10,459 ","88,424 ","3,497 ","1,678 ",0 ,"12,866 ",0 ,"4,584 ",,,,,
2025/7/14,17:00,"127,249 ","11,020 ",245 ,"10,664 ","89,270 ","3,506 ","1,601 ",0 ,"6,309 ",0 ,"4,658 ",,,,,
2025/7/14,18:00,"123,426 ","11,024 ",245 ,"10,795 ","90,016 ","3,499 ","1,622 ",0 ,"1,530 ",0 ,"4,709 ",,,,,
2025/7/14,19:00,"119,007 ","11,019 ",245 ,"10,174 ","88,586 ","3,504 ","1,672 ",0 ,38 ,0 ,"3,780 ",,,,,
2025/7/14,20:00,"113,416 ","11,023 ",245 ,"9,922 ","85,238 ","3,503 ","1,734 ",0 ,1 ,0 ,"1,761 ",,,,,
2025/7/14,21:00,"107,676 ","11,024 ",245 ,"9,533 ","80,779 ","3,497 ","1,742 ",0 ,0 ,0 ,869 ,,,,,
2025/7/14,22:00,"102,611 ","11,032 ",243 ,"9,258 ","76,644 ","3,499 ","1,698 ",0 ,0 ,0 ,242 ,,,,,
2025/7/14,23:00,"97,301 ","11,029 ",244 ,"9,026 ","71,998 ","3,504 ","1,675 ",0 ,0 ,0 ,-175 ,,,,,
2025/7/15,0:00,"90,451 ","11,031 ",245 ,"8,488 ","66,768 ","3,507 ","1,673 ",0 ,0 ,0 ,"-1,253 ",,,,,
2025/7/15,1:00,"85,719 ","11,031 ",245 ,"8,550 ","63,585 ","3,501 ","1,566 ",0 ,1 ,0 ,"-2,744 ",,,,,
2025/7/15,2:00,"84,398 ","11,029 ",244 ,"8,643 ","62,568 ","3,501 ","1,552 ",0 ,1 ,0 ,"-3,128 ",,,,,
2025/7/15,3:00,"85,319 ","11,024 ",244 ,"8,814 ","62,825 ","3,512 ","1,504 ",0 ,1 ,0 ,"-2,603 ",,,,,
2025/7/15,4:00,"86,483 ","11,021 ",245 ,"9,025 ","63,944 ","3,513 ","1,445 ",0 ,69 ,0 ,"-2,765 ",,,,,
2025/7/15,5:00,"88,840 ","11,020 ",244 ,"9,278 ","64,722 ","3,516 ","1,471 ",0 ,"1,092 ",0 ,"-2,492 ",,,,,
2025/7/15,6:00,"93,234 ","11,018 ",246 ,"9,292 ","64,968 ","3,520 ","1,454 ",0 ,"5,164 ",0 ,"-2,424 ",,,,,
2025/7/15,7:00,"102,897 ","11,021 ",247 ,"9,112 ","68,121 ","3,520 ","1,457 ",0 ,"11,735 ",0 ,"-2,309 ",,,,,
2025/7/15,8:00,"119,147 ","11,016 ",248 ,"8,992 ","75,549 ","3,517 ","1,567 ",0 ,"19,410 ",0 ,"-1,156 ",,,,,
2025/7/15,9:00,"131,185 ","11,019 ",254 ,"9,155 ","79,831 ","3,549 ","1,488 ",0 ,"26,543 ",0 ,-650 ,,,,,
2025/7/15,10:00,"134,465 ","11,016 ",254 ,"9,272 ","79,421 ","3,559 ","1,456 ",0 ,"31,128 ",0 ,"-1,631 ",,,,,
2025/7/15,11:00,"136,246 ","11,018 ",254 ,"9,290 ","80,362 ","3,551 ","1,501 ",0 ,"32,337 ",0 ,"-2,062 ",,,,,
2025/7/15,12:00,"131,165 ","11,015 ",255 ,"9,203 ","76,015 ","3,557 ","1,503 ",0 ,"32,083 ",0 ,"-2,453 ",,,,,
2025/7/15,13:00,"135,718 ","11,012 ",250 ,"9,445 ","79,549 ","3,512 ","1,495 ",0 ,"31,176 ",0 ,-700 ,,,,,
2025/7/15,14:00,"136,048 ","11,010 ",248 ,"9,616 ","83,456 ","3,510 ","1,447 ",0 ,"26,665 ",0 ,105 ,,,,,
2025/7/15,15:00,"134,163 ","11,009 ",249 ,"9,952 ","85,080 ","3,500 ","1,449 ",0 ,"21,798 ",0 ,"1,148 ",,,,,
2025/7/15,16:00,"133,827 ","10,993 ",246 ,"10,984 ","89,031 ","3,501 ","1,472 ",0 ,"14,831 ",0 ,"2,787 ",,,,,
2025/7/15,17:00,"128,618 ","10,990 ",247 ,"11,254 ","90,880 ","3,496 ","1,505 ",0 ,"7,020 ",0 ,"3,268 ",,,,,
2025/7/15,18:00,"124,763 ","10,993 ",245 ,"10,964 ","91,847 ","3,497 ","1,601 ",0 ,"1,754 ",0 ,"3,896 ",,,,,
2025/7/15,19:00,"120,598 ","11,012 ",246 ,"10,568 ","90,538 ","3,501 ","1,766 ",0 ,39 ,0 ,"2,943 ",,,,,
2025/7/15,20:00,"115,045 ","11,014 ",247 ,"10,071 ","86,643 ","3,499 ","1,763 ",0 ,1 ,0 ,"1,826 ",,,,,
2025/7/15,21:00,"109,040 ","11,014 ",244 ,"9,435 ","82,072 ","3,502 ","1,773 ",0 ,0 ,0 ,"1,015 ",,,,,
2025/7/15,22:00,"103,709 ","11,022 ",246 ,"8,837 ","77,322 ","3,501 ","1,723 ",0 ,0 ,0 ,"1,079 ",,,,,
2025/7/15,23:00,"98,193 ","11,020 ",245 ,"8,511 ","72,693 ","3,506 ","1,738 ",0 ,0 ,0 ,482 ,,,,,
2025/7/16,0:00,"90,960 ","11,023 ",246 ,"8,078 ","66,465 ","3,505 ","1,683 ",0 ,0 ,0 ,-21 ,,,,,
2025/7/16,1:00,"85,780 ","11,023 ",244 ,"8,136 ","62,646 ","3,499 ","1,482 ",0 ,0 ,0 ,"-1,242 ",,,,,
2025/7/16,2:00,"84,196 ","11,016 ",245 ,"8,175 ","62,145 ","3,502 ","1,280 ",0 ,0 ,0 ,"-2,144 ",,,,,
2025/7/16,3:00,"84,653 ","11,019 ",245 ,"8,560 ","62,382 ","3,506 ","1,187 ",0 ,0 ,0 ,"-2,238 ",,,,,
2025/7/16,4:00,"85,777 ","11,013 ",248 ,"8,840 ","62,636 ","3,500 ","1,189 ",0 ,60 ,0 ,"-1,689 ",,,,,
2025/7/16,5:00,"87,518 ","11,013 ",247 ,"8,904 ","63,458 ","3,501 ","1,105 ",0 ,"1,404 ",0 ,"-2,089 ",,,,,
2025/7/16,6:00,"92,003 ","11,014 ",246 ,"8,955 ","62,584 ","3,507 ","1,062 ",0 ,"6,780 ",0 ,"-2,133 ",,,,,
2025/7/16,7:00,"102,586 ","11,020 ",248 ,"8,762 ","63,697 ","3,512 ","1,084 ",0 ,"15,053 ",0 ,-784 ,,,,,
2025/7/16,8:00,"118,869 ","11,018 ",248 ,"9,113 ","71,353 ","3,510 ","1,067 ",0 ,"23,238 ",0 ,-658 ,,,,,
2025/7/16,9:00,"129,406 ","11,019 ",252 ,"9,133 ","75,345 ","3,528 ",943 ,0 ,"29,314 ",0 ,-127 ,,,,,
2025/7/16,10:00,"133,340 ","11,021 ",251 ,"9,202 ","75,498 ","3,529 ",905 ,0 ,"33,491 ",0 ,-558 ,,,,,
2025/7/16,11:00,"135,109 ","11,017 ",253 ,"9,448 ","75,277 ","3,524 ",904 ,0 ,"35,661 ",0 ,-960 ,,,,,
2025/7/16,12:00,"130,796 ","11,021 ",249 ,"9,259 ","71,200 ","3,473 ",922 ,0 ,"35,920 ",0 ,"-1,251 ",,,,,
2025/7/16,13:00,"136,544 ","11,013 ",248 ,"9,571 ","77,921 ","3,494 ",925 ,0 ,"33,395 ",0 ,-13 ,,,,,
2025/7/16,14:00,"137,713 ","11,019 ",249 ,"9,939 ","83,165 ","3,524 ",937 ,0 ,"28,230 ",0 ,673 ,,,,,
2025/7/16,15:00,"136,375 ","11,014 ",247 ,"10,544 ","86,613 ","3,536 ",941 ,0 ,"21,501 ",0 ,"2,006 ",,,,,
2025/7/16,16:00,"134,896 ","11,016 ",246 ,"11,003 ","90,712 ","3,542 ",941 ,0 ,"13,439 ",0 ,"4,027 ",,,,,
2025/7/16,17:00,"128,241 ","11,000 ",243 ,"11,267 ","91,128 ","3,565 ",913 ,0 ,"5,996 ",0 ,"4,153 ",,,,,
2025/7/16,18:00,"124,868 ","10,997 ",244 ,"11,323 ","91,622 ","3,588 ","1,108 ",0 ,"1,378 ",0 ,"4,641 ",,,,,
2025/7/16,19:00,"121,482 ","11,004 ",242 ,"10,886 ","90,826 ","3,591 ","1,146 ",0 ,23 ,0 ,"3,795 ",,,,,
2025/7/16,20:00,"115,835 ","11,009 ",244 ,"10,289 ","86,970 ","3,590 ","1,308 ",0 ,1 ,0 ,"2,443 ",,,,,
2025/7/16,21:00,"109,821 ","11,013 ",244 ,"9,904 ","82,479 ","3,597 ","1,430 ",0 ,0 ,0 ,"1,187 ",,,,,
2025/7/16,22:00,"104,548 ","11,017 ",245 ,"9,269 ","78,223 ","3,609 ","1,472 ",0 ,0 ,0 ,740 ,,,,,
2025/7/16,23:00,"98,705 ","11,023 ",244 ,"8,964 ","72,855 ","3,599 ","1,581 ",0 ,1 ,0 ,454 ,,,,,
2025/7/17,0:00,"91,180 ","11,028 ",246 ,"8,712 ","66,549 ","3,552 ","1,738 ",0 ,2 ,0 ,-620 ,,,,,
2025/7/17,1:00,"86,106 ","11,027 ",244 ,"8,592 ","63,534 ","3,530 ","1,666 ",0 ,0 ,0 ,"-2,460 ",,,,,
2025/7/17,2:00,"84,657 ","11,029 ",241 ,"8,603 ","63,244 ","3,535 ","1,630 ",0 ,0 ,0 ,"-3,606 ",,,,,
2025/7/17,3:00,"85,107 ","11,029 ",245 ,"8,582 ","63,176 ","3,540 ","1,634 ",0 ,0 ,0 ,"-3,074 ",,,,,
2025/7/17,4:00,"85,996 ","11,018 ",243 ,"8,698 ","63,300 ","3,533 ","1,637 ",0 ,64 ,0 ,"-2,485 ",,,,,
2025/7/17,5:00,"87,905 ","11,022 ",246 ,"8,808 ","64,158 ","3,543 ","1,535 ",0 ,"1,280 ",0 ,"-2,658 ",,,,,
2025/7/17,6:00,"92,459 ","11,014 ",246 ,"8,676 ","64,214 ","3,551 ","1,376 ",0 ,"5,820 ",0 ,"-2,419 ",,,,,
2025/7/17,7:00,"103,182 ","11,015 ",250 ,"8,697 ","67,775 ","3,564 ","1,251 ",0 ,"12,230 ",0 ,"-1,586 ",,,,,
2025/7/17,8:00,"119,408 ","11,018 ",250 ,"9,013 ","75,771 ","3,555 ","1,288 ",0 ,"19,234 ",0 ,-720 ,,,,,
2025/7/17,9:00,"131,010 ","11,015 ",251 ,"9,248 ","80,517 ","3,574 ","1,265 ",0 ,"25,166 ",0 ,-7 ,,,,,
2025/7/17,10:00,"134,451 ","11,019 ",249 ,"9,449 ","79,804 ","3,592 ","1,197 ",0 ,"29,535 ",0 ,-363 ,,,,,
2025/7/17,11:00,"136,004 ","11,026 ",250 ,"9,336 ","79,773 ","3,622 ","1,113 ",0 ,"31,868 ",0 ,-943 ,,,,,
2025/7/17,12:00,"131,605 ","11,022 ",251 ,"9,073 ","75,853 ","3,648 ","1,172 ",0 ,"31,874 ",0 ,"-1,257 ",,,,,
2025/7/17,13:00,"135,001 ","11,030 ",251 ,"9,185 ","80,861 ","3,516 ","1,207 ",0 ,"29,265 ",0 ,-297 ,,,,,
2025/7/17,14:00,"134,700 ","11,022 ",247 ,"9,859 ","83,571 ","3,525 ","1,099 ",0 ,"25,237 ",0 ,172 ,,,,,
2025/7/17,15:00,"133,180 ","11,024 ",246 ,"10,197 ","86,045 ","3,540 ","1,028 ",0 ,"19,583 ",0 ,"1,540 ",,,,,
2025/7/17,16:00,"132,097 ","11,012 ",244 ,"10,652 ","90,056 ","3,514 ","1,029 ",0 ,"12,520 ",0 ,"3,093 ",,,,,
2025/7/17,17:00,"126,317 ","11,008 ",243 ,"10,689 ","90,474 ","3,507 ","1,047 ",0 ,"5,591 ",0 ,"3,790 ",,,,,
2025/7/17,18:00,"122,983 ","11,009 ",242 ,"10,618 ","91,115 ","3,477 ","1,193 ",0 ,"1,144 ",0 ,"4,216 ",,,,,
2025/7/17,19:00,"119,304 ","11,020 ",241 ,"10,513 ","89,373 ","3,481 ","1,223 ",0 ,23 ,0 ,"3,461 ",,,,,
2025/7/17,20:00,"113,431 ","11,024 ",241 ,"9,946 ","85,562 ","3,480 ","1,302 ",0 ,3 ,0 ,"1,900 ",,,,,
2025/7/17,21:00,"107,439 ","11,022 ",243 ,"9,536 ","80,723 ","3,477 ","1,368 ",0 ,2 ,0 ,"1,104 ",,,,,
2025/7/17,22:00,"102,076 ","11,024 ",243 ,"9,201 ","76,084 ","3,491 ","1,349 ",0 ,1 ,0 ,706 ,,,,,
2025/7/17,23:00,"96,593 ","11,027 ",244 ,"9,041 ","71,053 ","3,503 ","1,411 ",0 ,1 ,0 ,343 ,,,,,
2025/7/18,0:00,"89,478 ","11,024 ",244 ,"9,128 ","64,976 ","3,503 ","1,429 ",0 ,1 ,0 ,-808 ,,,,,
2025/7/18,1:00,"84,590 ","11,034 ",244 ,"8,983 ","61,428 ","3,502 ","1,452 ",0 ,0 ,0 ,"-2,016 ",,,,,
2025/7/18,2:00,"82,878 ","11,031 ",246 ,"9,118 ","61,058 ","3,497 ","1,421 ",0 ,1 ,0 ,"-3,467 ",,,,,
2025/7/18,3:00,"83,371 ","11,032 ",245 ,"9,125 ","61,635 ","3,510 ","1,359 ",0 ,1 ,0 ,"-3,512 ",,,,,
2025/7/18,4:00,"84,331 ","11,032 ",244 ,"9,352 ","62,286 ","3,509 ","1,355 ",0 ,82 ,0 ,"-3,497 ",,,,,
2025/7/18,5:00,"85,910 ","11,031 ",247 ,"9,442 ","61,481 ","3,532 ","1,317 ",0 ,"1,719 ",0 ,"-2,826 ",,,,,
2025/7/18,6:00,"89,858 ","11,033 ",250 ,"9,236 ","59,822 ","3,540 ","1,355 ",0 ,"7,398 ",0 ,"-2,750 ",,,,,
2025/7/18,7:00,"101,014 ","11,035 ",250 ,"9,443 ","60,795 ","3,561 ","1,305 ",0 ,"16,153 ",0 ,"-1,512 ",,,,,
2025/7/18,8:00,"117,735 ","11,027 ",253 ,"9,662 ","67,293 ","3,558 ","1,382 ",0 ,"24,635 ",0 ,-53 ,,,,,
2025/7/18,9:00,"129,958 ","11,025 ",253 ,"9,864 ","71,248 ","3,542 ","1,396 ",0 ,"31,678 ",0 ,984 ,,,,,
2025/7/18,10:00,"134,241 ","11,025 ",252 ,"9,896 ","70,930 ","3,530 ","1,387 ",0 ,"36,193 ",0 ,"1,060 ",,,,,
2025/7/18,11:00,"136,104 ","11,030 ",249 ,"10,090 ","71,449 ","3,501 ","1,479 ",0 ,"37,397 ",0 ,945 ,,,,,
2025/7/18,12:00,"132,824 ","11,024 ",250 ,"9,998 ","69,623 ","3,493 ","1,508 ",0 ,"37,171 ",0 ,-212 ,,,,,
2025/7/18,13:00,"136,497 ","11,023 ",248 ,"10,279 ","75,501 ","3,473 ","1,508 ",0 ,"34,294 ",0 ,186 ,,,,,
2025/7/18,14:00,"136,340 ","11,023 ",249 ,"10,472 ","79,429 ","3,499 ","1,451 ",0 ,"29,628 ",0 ,614 ,,,,,
2025/7/18,15:00,"134,452 ","11,025 ",249 ,"11,178 ","82,356 ","3,511 ","1,363 ",0 ,"23,046 ",0 ,"1,746 ",,,,,
2025/7/18,16:00,"132,829 ","11,025 ",249 ,"11,806 ","87,166 ","3,501 ","1,228 ",0 ,"14,183 ",0 ,"3,706 ",,,,,
2025/7/18,17:00,"125,611 ","11,012 ",245 ,"11,880 ","87,943 ","3,491 ","1,213 ",0 ,"6,064 ",0 ,"3,799 ",,,,,
2025/7/18,18:00,"121,468 ","11,011 ",240 ,"11,723 ","88,458 ","3,461 ","1,142 ",0 ,"1,184 ",0 ,"4,289 ",,,,,
2025/7/18,19:00,"117,852 ","11,012 ",242 ,"11,521 ","86,135 ","3,464 ","1,113 ",0 ,21 ,0 ,"4,386 ",,,,,
2025/7/18,20:00,"112,077 ","11,025 ",242 ,"10,974 ","82,195 ","3,465 ","1,056 ",0 ,2 ,0 ,"3,144 ",,,,,
2025/7/18,21:00,"106,060 ","11,026 ",244 ,"10,537 ","77,463 ","3,463 ","1,098 ",0 ,1 ,0 ,"2,260 ",,,,,
2025/7/18,22:00,"100,729 ","11,031 ",245 ,"10,318 ","72,880 ","3,463 ","1,113 ",0 ,1 ,0 ,"1,706 ",,,,,
2025/7/18,23:00,"95,423 ","11,030 ",245 ,"10,012 ","68,640 ","3,474 ","1,144 ",0 ,2 ,0 ,899 ,,,,,
2025/7/19,0:00,"88,123 ","11,033 ",246 ,"9,854 ","61,877 ","3,460 ","1,200 ",0 ,1 ,0 ,476 ,,,,,
2025/7/19,1:00,"82,876 ","11,026 ",246 ,"10,022 ","56,815 ","3,428 ","1,173 ",0 ,1 ,0 ,194 ,,,,,
2025/7/19,2:00,"80,926 ","11,033 ",246 ,"9,999 ","55,209 ","3,421 ","1,147 ",0 ,1 ,0 ,-90 ,,,,,
2025/7/19,3:00,"81,170 ","11,028 ",247 ,"10,188 ","55,041 ","3,427 ","1,180 ",0 ,2 ,0 ,88 ,,,,,
2025/7/19,4:00,"81,304 ","11,026 ",244 ,"10,114 ","55,006 ","3,427 ","1,175 ",0 ,69 ,0 ,274 ,,,,,
2025/7/19,5:00,"81,117 ","11,027 ",244 ,"9,985 ","53,031 ","3,440 ","1,149 ",0 ,"1,764 ",0 ,521 ,,,,,
2025/7/19,6:00,"81,841 ","11,018 ",245 ,"9,864 ","48,712 ","3,467 ","1,042 ",0 ,"8,737 ",0 ,"-1,212 ",,,,,
2025/7/19,7:00,"87,093 ","11,029 ",248 ,"9,761 ","45,458 ","3,486 ",919 ,0 ,"19,608 ",0 ,"-3,397 ",,,,,
2025/7/19,8:00,"97,665 ","11,024 ",249 ,"9,968 ","45,960 ","3,481 ",893 ,0 ,"31,191 ",0 ,"-5,079 ",,,,,
2025/7/19,9:00,"107,584 ","11,025 ",245 ,"9,871 ","46,028 ","3,409 ",916 ,0 ,"40,047 ",267 ,"-3,938 ",,,,,
2025/7/19,10:00,"113,109 ","11,027 ",246 ,"9,726 ","46,361 ","3,239 ","1,044 ",0 ,"45,241 ","1,157 ","-3,763 ",,,,,
2025/7/19,11:00,"116,312 ","11,030 ",243 ,"9,586 ","45,856 ","3,240 ","1,023 ",0 ,"48,130 ",951 ,"-2,787 ",,,,,
2025/7/19,12:00,"116,876 ","11,033 ",243 ,"9,676 ","46,618 ","3,239 ","1,012 ",0 ,"48,374 ",443 ,"-3,298 ",,,,,
2025/7/19,13:00,"118,203 ","11,030 ",243 ,"9,868 ","49,068 ","3,257 ","1,016 ",0 ,"45,529 ",463 ,"-1,795 ",,,,,
2025/7/19,14:00,"117,553 ","11,024 ",243 ,"10,205 ","52,748 ","3,442 ","1,010 ",0 ,"40,111 ",0 ,"-1,215 ",,,,,
2025/7/19,15:00,"116,102 ","11,027 ",243 ,"10,416 ","58,460 ","3,457 ",981 ,0 ,"30,754 ",0 ,773 ,,,,,
2025/7/19,16:00,"115,453 ","11,016 ",238 ,"11,075 ","68,128 ","3,439 ",922 ,0 ,"19,123 ",0 ,"1,520 ",,,,,
2025/7/19,17:00,"114,058 ","11,012 ",238 ,"11,292 ","74,523 ","3,444 ",835 ,0 ,"8,578 ",0 ,"4,153 ",,,,,
2025/7/19,18:00,"112,207 ","11,012 ",238 ,"11,389 ","77,247 ","3,453 ",860 ,0 ,"1,789 ",0 ,"6,246 ",,,,,
2025/7/19,19:00,"110,129 ","11,024 ",237 ,"11,119 ","77,156 ","3,475 ",936 ,0 ,30 ,0 ,"6,171 ",,,,,
2025/7/19,20:00,"105,485 ","11,023 ",239 ,"10,741 ","73,999 ","3,480 ","1,015 ",0 ,3 ,0 ,"5,006 ",,,,,
2025/7/19,21:00,"99,924 ","11,032 ",240 ,"10,210 ","69,962 ","3,491 ","1,096 ",0 ,0 ,0 ,"3,916 ",,,,,
2025/7/19,22:00,"95,073 ","11,026 ",240 ,"10,044 ","66,358 ","3,498 ","1,084 ",0 ,0 ,0 ,"2,853 ",,,,,
2025/7/19,23:00,"89,958 ","11,028 ",240 ,"9,721 ","63,028 ","3,511 ","1,082 ",0 ,0 ,0 ,"1,375 ",,,,,
2025/7/20,0:00,"83,391 ","11,026 ",241 ,"9,857 ","56,967 ","3,511 ","1,033 ",0 ,0 ,0 ,777 ,,,,,
2025/7/20,1:00,"78,436 ","11,029 ",240 ,"9,701 ","52,802 ","3,519 ",967 ,0 ,0 ,0 ,217 ,,,,,
2025/7/20,2:00,"76,842 ","11,029 ",241 ,"9,690 ","51,561 ","3,525 ",921 ,0 ,0 ,0 ,-83 ,,,,,
2025/7/20,3:00,"77,270 ","11,024 ",241 ,"9,710 ","51,899 ","3,526 ",930 ,0 ,0 ,0 ,-27 ,,,,,
2025/7/20,4:00,"77,567 ","11,026 ",241 ,"9,602 ","52,173 ","3,527 ",966 ,0 ,63 ,0 ,4 ,,,,,
2025/7/20,5:00,"78,058 ","11,026 ",242 ,"9,396 ","51,055 ","3,529 ",971 ,0 ,"1,719 ",0 ,160 ,,,,,
2025/7/20,6:00,"79,027 ","11,022 ",242 ,"9,262 ","47,192 ","3,546 ",864 ,0 ,"9,019 ",0 ,"-2,089 ",,,,,
2025/7/20,7:00,"84,042 ","11,032 ",247 ,"9,127 ","44,174 ","3,581 ",769 ,0 ,"20,203 ",0 ,"-5,073 ",,,,,
2025/7/20,8:00,"92,525 ","11,023 ",250 ,"9,316 ","43,416 ","3,588 ",785 ,0 ,"31,606 ",0 ,"-7,437 ",,,,,
2025/7/20,9:00,"101,987 ","11,022 ",248 ,"9,452 ","43,594 ","3,530 ",789 ,0 ,"41,526 ",0 ,"-8,155 ",,,,,
2025/7/20,10:00,"107,990 ","11,024 ",246 ,"9,470 ","43,098 ","3,369 ",913 ,0 ,"47,990 ",232 ,"-8,105 ",,,,,
2025/7/20,11:00,"111,841 ","11,019 ",243 ,"9,329 ","43,811 ","3,314 ",975 ,0 ,"49,799 ",464 ,"-6,628 ",,,,,
2025/7/20,12:00,"113,746 ","11,024 ",241 ,"9,249 ","44,416 ","3,322 ","1,073 ",0 ,"49,543 ",243 ,"-5,100 ",,,,,
2025/7/20,13:00,"114,021 ","11,022 ",242 ,"9,334 ","46,158 ","3,395 ","1,137 ",0 ,"47,047 ",119 ,"-4,290 ",,,,,
2025/7/20,14:00,"113,902 ","11,025 ",244 ,"9,507 ","50,131 ","3,466 ","1,186 ",0 ,"41,329 ",0 ,"-2,958 ",,,,,
2025/7/20,15:00,"113,794 ","11,023 ",240 ,"9,851 ","55,961 ","3,495 ","1,176 ",0 ,"32,087 ",0 ,-22 ,,,,,
2025/7/20,16:00,"114,633 ","11,025 ",239 ,"10,473 ","66,162 ","3,510 ","1,116 ",0 ,"20,380 ",0 ,"1,744 ",,,,,
2025/7/20,17:00,"115,968 ","11,014 ",239 ,"11,251 ","75,898 ","3,508 ","1,000 ",0 ,"9,201 ",0 ,"3,886 ",,,,,
2025/7/20,18:00,"115,138 ","11,014 ",238 ,"11,526 ","80,482 ","3,516 ",910 ,0 ,"1,858 ",0 ,"5,623 ",,,,,
2025/7/20,19:00,"113,031 ","11,007 ",238 ,"11,390 ","80,589 ","3,535 ",915 ,0 ,28 ,0 ,"5,360 ",,,,,
2025/7/20,20:00,"108,549 ","11,011 ",238 ,"11,146 ","77,498 ","3,539 ",940 ,0 ,2 ,0 ,"4,209 ",,,,,
2025/7/20,21:00,"103,139 ","11,010 ",238 ,"9,963 ","74,099 ","3,542 ",964 ,0 ,1 ,0 ,"3,349 ",,,,,
2025/7/20,22:00,"97,821 ","11,018 ",239 ,"9,453 ","70,135 ","3,548 ",948 ,0 ,1 ,0 ,"2,505 ",,,,,
2025/7/20,23:00,"92,570 ","11,019 ",240 ,"8,979 ","66,600 ","3,551 ",959 ,0 ,1 ,0 ,"1,244 ",,,,,
2025/7/21,0:00,"85,734 ","11,020 ",240 ,"8,776 ","61,049 ","3,540 ",879 ,0 ,0 ,0 ,249 ,,,,,
2025/7/21,1:00,"80,688 ","11,021 ",241 ,"8,787 ","56,757 ","3,537 ",822 ,0 ,1 ,0 ,-451 ,,,,,
2025/7/21,2:00,"79,246 ","11,022 ",240 ,"8,877 ","56,294 ","3,549 ",828 ,0 ,1 ,0 ,"-1,544 ",,,,,
2025/7/21,3:00,"79,415 ","11,022 ",240 ,"8,986 ","56,949 ","3,548 ",841 ,0 ,1 ,0 ,"-2,147 ",,,,,
2025/7/21,4:00,"80,165 ","11,017 ",240 ,"8,917 ","57,359 ","3,542 ",859 ,0 ,74 ,0 ,"-1,809 ",,,,,
2025/7/21,5:00,"81,645 ","11,020 ",241 ,"8,893 ","57,513 ","3,545 ",853 ,0 ,"1,740 ",0 ,"-2,124 ",,,,,
2025/7/21,6:00,"85,138 ","11,020 ",240 ,"8,757 ","54,629 ","3,543 ",839 ,0 ,"9,094 ",0 ,"-2,957 ",,,,,
2025/7/21,7:00,"93,923 ","11,022 ",245 ,"8,663 ","52,559 ","3,564 ",819 ,0 ,"21,139 ",0 ,"-4,059 ",,,,,
2025/7/21,8:00,"107,531 ","11,018 ",249 ,"8,974 ","53,846 ","3,517 ",838 ,0 ,"33,115 ",0 ,"-4,009 ",,,,,
2025/7/21,9:00,"119,380 ","11,012 ",247 ,"9,044 ","55,065 ","3,479 ",917 ,0 ,"43,065 ",0 ,"-3,429 ",,,,,
2025/7/21,10:00,"125,851 ","11,014 ",243 ,"8,859 ","55,416 ","3,352 ","1,059 ",0 ,"49,892 ",0 ,"-3,963 ",,,,,
2025/7/21,11:00,"129,408 ","11,010 ",239 ,"8,836 ","56,765 ","3,312 ","1,129 ",0 ,"52,304 ",0 ,"-4,165 ",,,,,
2025/7/21,12:00,"130,718 ","11,014 ",240 ,"8,495 ","58,270 ","3,303 ","1,149 ",0 ,"52,171 ",0 ,"-3,904 ",,,,,
2025/7/21,13:00,"132,661 ","11,015 ",240 ,"8,574 ","62,136 ","3,312 ","1,150 ",0 ,"48,869 ",0 ,"-2,610 ",,,,,
2025/7/21,14:00,"132,354 ","11,019 ",240 ,"8,971 ","67,451 ","3,457 ","1,159 ",0 ,"42,044 ",0 ,"-1,974 ",,,,,
2025/7/21,15:00,"131,960 ","11,014 ",236 ,"9,480 ","74,939 ","3,508 ","1,116 ",0 ,"32,214 ",0 ,-528 ,,,,,
2025/7/21,16:00,"132,577 ","10,994 ",235 ,"10,237 ","84,034 ","3,530 ","1,047 ",0 ,"19,935 ",0 ,"2,576 ",,,,,
2025/7/21,17:00,"130,623 ","10,996 ",237 ,"10,979 ","88,816 ","3,579 ",988 ,0 ,"8,646 ",0 ,"6,410 ",,,,,
2025/7/21,18:00,"127,824 ","10,990 ",235 ,"11,188 ","90,627 ","3,576 ",958 ,0 ,"1,898 ",0 ,"8,381 ",,,,,
2025/7/21,19:00,"124,479 ","10,999 ",236 ,"10,838 ","89,887 ","3,580 ","1,064 ",0 ,37 ,0 ,"7,859 ",,,,,
2025/7/21,20:00,"119,081 ","11,002 ",238 ,"10,350 ","87,913 ","3,582 ","1,072 ",0 ,2 ,0 ,"4,952 ",,,,,
2025/7/21,21:00,"112,787 ","10,998 ",239 ,"9,731 ","84,262 ","3,534 ","1,082 ",0 ,0 ,0 ,"2,968 ",,,,,
2025/7/21,22:00,"106,125 ","11,008 ",238 ,"8,917 ","79,499 ","3,536 ","1,108 ",0 ,1 ,0 ,"1,842 ",,,,,
2025/7/21,23:00,"99,769 ","11,003 ",239 ,"8,180 ","74,777 ","3,547 ","1,141 ",0 ,1 ,0 ,900 ,,,,,
2025/7/22,0:00,"92,022 ","11,006 ",238 ,"8,181 ","69,072 ","3,542 ","1,170 ",0 ,0 ,0 ,"-1,163 ",,,,,
2025/7/22,1:00,"86,666 ","11,007 ",239 ,"8,165 ","66,474 ","3,538 ","1,144 ",0 ,1 ,0 ,"-3,872 ",,,,,
2025/7/22,2:00,"84,644 ","11,007 ",238 ,"8,049 ","66,254 ","3,547 ","1,110 ",0 ,1 ,0 ,"-5,534 ",,,,,
2025/7/22,3:00,"84,992 ","11,012 ",239 ,"7,965 ","66,619 ","3,558 ","1,080 ",0 ,1 ,0 ,"-5,445 ",,,,,
2025/7/22,4:00,"85,887 ","11,009 ",239 ,"8,073 ","67,895 ","3,562 ","1,009 ",0 ,73 ,0 ,"-5,948 ",,,,,
2025/7/22,5:00,"88,403 ","11,011 ",241 ,"8,252 ","68,504 ","3,566 ",937 ,0 ,"1,742 ",0 ,"-5,818 ",,,,,
2025/7/22,6:00,"94,688 ","11,002 ",242 ,"8,278 ","66,377 ","3,575 ",864 ,0 ,"9,011 ",0 ,"-4,633 ",,,,,
2025/7/22,7:00,"108,606 ","11,015 ",244 ,"8,421 ","67,048 ","3,601 ",893 ,0 ,"21,041 ",0 ,"-3,635 ",,,,,
2025/7/22,8:00,"129,605 ","11,013 ",248 ,"8,864 ","71,852 ","3,598 ",969 ,0 ,"33,830 ",0 ,-759 ,,,,,
2025/7/22,9:00,"144,877 ","11,009 ",250 ,"8,949 ","76,076 ","3,573 ","1,021 ",0 ,"44,441 ",0 ,-423 ,,,,,
2025/7/22,10:00,"150,367 ","11,009 ",246 ,"8,865 ","76,847 ","3,505 ","1,094 ",0 ,"50,674 ",0 ,"-1,856 ",,,,,
2025/7/22,11:00,"153,771 ","11,007 ",253 ,"8,728 ","78,225 ","3,459 ","1,095 ",0 ,"53,459 ",0 ,"-2,439 ",,,,,
2025/7/22,12:00,"151,457 ","11,008 ",256 ,"8,511 ","77,152 ","3,417 ","1,150 ",0 ,"53,272 ",0 ,"-3,292 ",,,,,
2025/7/22,13:00,"156,677 ","11,003 ",255 ,"9,081 ","84,380 ","3,411 ","1,168 ",0 ,"49,612 ",0 ,"-2,213 ",,,,,
2025/7/22,14:00,"156,931 ","10,995 ",249 ,"9,442 ","89,388 ","3,466 ","1,264 ",0 ,"42,106 ",0 ,29 ,,,,,
2025/7/22,15:00,"154,665 ","10,996 ",250 ,"10,180 ","93,500 ","3,472 ","1,216 ",0 ,"32,053 ",0 ,"3,024 ",,,,,
2025/7/22,16:00,"151,930 ","10,993 ",265 ,"11,329 ","97,202 ","3,455 ","1,085 ",0 ,"20,008 ",0 ,"7,619 ",,,,,
2025/7/22,17:00,"144,255 ","10,985 ",262 ,"11,566 ","99,502 ","3,478 ",981 ,0 ,"8,796 ",0 ,"8,718 ",,,,,
2025/7/22,18:00,"138,679 ","10,977 ",264 ,"11,471 ","100,575 ","3,502 ",995 ,0 ,"1,911 ",0 ,"9,011 ",,,,,
2025/7/22,19:00,"132,950 ","10,976 ",266 ,"10,683 ","99,328 ","3,535 ","1,010 ",0 ,31 ,0 ,"7,148 ",,,,,
2025/7/22,20:00,"126,198 ","10,988 ",266 ,"9,747 ","96,419 ","3,529 ","1,004 ",0 ,1 ,0 ,"4,259 ",,,,,
2025/7/22,21:00,"118,497 ","10,996 ",270 ,"9,155 ","91,688 ","3,503 ","1,064 ",0 ,0 ,0 ,"1,842 ",,,,,
2025/7/22,22:00,"111,701 ","11,001 ",270 ,"8,691 ","86,231 ","3,513 ","1,073 ",0 ,1 ,0 ,928 ,,,,,
2025/7/22,23:00,"104,376 ","11,001 ",269 ,"8,139 ","80,275 ","3,532 ","1,053 ",0 ,1 ,0 ,122 ,,,,,
2025/7/23,0:00,"95,775 ","10,995 ",271 ,"7,655 ","74,045 ","3,537 ","1,008 ",0 ,1 ,0 ,"-1,718 ",,,,,
2025/7/23,1:00,"89,760 ","10,970 ",269 ,"7,440 ","71,074 ","3,549 ",977 ,0 ,1 ,0 ,"-4,494 ",,,,,
2025/7/23,2:00,"87,493 ","10,997 ",271 ,"7,289 ","71,131 ","3,557 ",959 ,0 ,1 ,0 ,"-6,685 ",,,,,
2025/7/23,3:00,"87,413 ","11,000 ",270 ,"7,466 ","71,653 ","3,566 ",918 ,0 ,1 ,0 ,"-7,434 ",,,,,
2025/7/23,4:00,"87,991 ","11,000 ",270 ,"7,773 ","71,144 ","3,563 ",912 ,0 ,69 ,0 ,"-6,710 ",,,,,
2025/7/23,5:00,"90,119 ","11,006 ",269 ,"7,681 ","71,426 ","3,566 ",937 ,0 ,"1,746 ",0 ,"-6,490 ",,,,,
2025/7/23,6:00,"95,793 ","11,006 ",272 ,"7,765 ","69,365 ","3,578 ",936 ,0 ,"9,166 ",0 ,"-6,262 ",,,,,
2025/7/23,7:00,"108,529 ","11,006 ",273 ,"7,777 ","68,794 ","3,596 ","1,008 ",0 ,"21,475 ",0 ,"-5,378 ",,,,,
2025/7/23,8:00,"128,517 ","11,009 ",277 ,"8,114 ","72,916 ","3,598 ","1,076 ",0 ,"34,016 ",0 ,"-2,478 ",,,,,
2025/7/23,9:00,"143,122 ","11,004 ",273 ,"8,241 ","76,136 ","3,570 ","1,143 ",0 ,"44,139 ",0 ,"-1,366 ",,,,,
2025/7/23,10:00,"148,848 ","11,005 ",272 ,"8,259 ","75,874 ","3,559 ","1,220 ",0 ,"50,752 ",0 ,"-2,076 ",,,,,
2025/7/23,11:00,"153,030 ","10,992 ",270 ,"8,276 ","77,359 ","3,544 ","1,150 ",0 ,"53,901 ",0 ,"-2,442 ",,,,,
2025/7/23,12:00,"150,768 ","10,983 ",271 ,"7,912 ","77,096 ","3,546 ","1,068 ",0 ,"53,295 ",0 ,"-3,383 ",,,,,
2025/7/23,13:00,"155,886 ","10,979 ",269 ,"8,936 ","83,751 ","3,512 ","1,063 ",0 ,"49,234 ",0 ,"-1,838 ",,,,,
2025/7/23,14:00,"155,939 ","10,978 ",270 ,"9,248 ","88,572 ","3,534 ","1,025 ",0 ,"41,641 ",0 ,708 ,,,,,
2025/7/23,15:00,"154,961 ","10,985 ",269 ,"10,321 ","92,112 ","3,543 ",948 ,0 ,"31,845 ",0 ,"4,965 ",,,,,
2025/7/23,16:00,"152,592 ","10,976 ",269 ,"11,691 ","96,574 ","3,542 ",849 ,0 ,"19,399 ",0 ,"9,322 ",,,,,
2025/7/23,17:00,"144,395 ","10,972 ",268 ,"11,621 ","98,840 ","3,555 ",830 ,0 ,"8,591 ",0 ,"9,755 ",,,,,
2025/7/23,18:00,"138,740 ","10,970 ",267 ,"11,518 ","99,773 ","3,553 ",801 ,0 ,"1,824 ",0 ,"10,074 ",,,,,
2025/7/23,19:00,"133,258 ","10,972 ",268 ,"10,969 ","98,003 ","3,556 ",900 ,0 ,29 ,0 ,"8,593 ",,,,,
2025/7/23,20:00,"126,211 ","10,985 ",268 ,"9,438 ","96,062 ","3,554 ",979 ,0 ,2 ,0 ,"4,941 ",,,,,
2025/7/23,21:00,"118,634 ","10,983 ",268 ,"8,426 ","91,788 ","3,551 ",992 ,0 ,1 ,0 ,"2,649 ",,,,,
2025/7/23,22:00,"111,420 ","11,003 ",269 ,"7,893 ","86,545 ","3,557 ","1,003 ",0 ,1 ,0 ,"1,173 ",,,,,
2025/7/23,23:00,"104,360 ","10,993 ",269 ,"7,826 ","80,793 ","3,556 ",964 ,0 ,2 ,0 ,-33 ,,,,,
2025/7/24,0:00,"96,008 ","10,990 ",270 ,"7,349 ","74,999 ","3,582 ",898 ,0 ,1 ,0 ,"-2,058 ",,,,,
2025/7/24,1:00,"90,087 ","10,988 ",270 ,"7,221 ","71,744 ","3,571 ",838 ,0 ,1 ,0 ,"-4,523 ",,,,,
2025/7/24,2:00,"87,951 ","10,987 ",269 ,"7,187 ","72,243 ","3,573 ",826 ,0 ,1 ,0 ,"-7,107 ",,,,,
2025/7/24,3:00,"87,694 ","10,996 ",269 ,"7,363 ","72,477 ","3,583 ",808 ,0 ,1 ,0 ,"-7,774 ",,,,,
2025/7/24,4:00,"88,236 ","10,993 ",269 ,"7,702 ","72,272 ","3,584 ",812 ,0 ,71 ,0 ,"-7,446 ",,,,,
2025/7/24,5:00,"90,467 ","10,990 ",270 ,"7,680 ","72,621 ","3,596 ",762 ,0 ,"1,786 ",0 ,"-7,212 ",,,,,
2025/7/24,6:00,"96,629 ","10,993 ",271 ,"7,664 ","72,213 ","3,596 ",712 ,0 ,"9,564 ",0 ,"-8,366 ",,,,,
2025/7/24,7:00,"109,658 ","11,000 ",273 ,"7,778 ","72,450 ","3,620 ",674 ,0 ,"22,370 ",0 ,"-8,489 ",,,,,
2025/7/24,8:00,"130,168 ","10,997 ",275 ,"8,204 ","75,468 ","3,629 ",717 ,0 ,"35,269 ",0 ,"-4,380 ",,,,,
2025/7/24,9:00,"145,659 ","10,988 ",273 ,"8,282 ","78,810 ","3,613 ",799 ,0 ,"45,669 ",0 ,"-2,764 ",,,,,
2025/7/24,10:00,"151,350 ","10,989 ",271 ,"8,189 ","78,401 ","3,579 ",910 ,0 ,"51,871 ",0 ,"-2,838 ",,,,,
2025/7/24,11:00,"155,280 ","10,981 ",272 ,"8,524 ","79,139 ","3,541 ",928 ,0 ,"54,386 ",0 ,"-2,477 ",,,,,
2025/7/24,12:00,"153,551 ","10,977 ",277 ,"8,331 ","79,049 ","3,540 ",969 ,0 ,"53,519 ",0 ,"-3,092 ",,,,,
2025/7/24,13:00,"158,573 ","10,970 ",280 ,"8,699 ","86,300 ","3,583 ","1,036 ",0 ,"49,568 ",0 ,"-1,839 ",,,,,
2025/7/24,14:00,"158,541 ","10,968 ",249 ,"9,299 ","90,859 ","3,568 ","1,070 ",0 ,"41,227 ",0 ,"1,310 ",,,,,
2025/7/24,15:00,"156,018 ","10,967 ",254 ,"10,458 ","94,393 ","3,549 ","1,000 ",0 ,"30,740 ",0 ,"4,674 ",,,,,
2025/7/24,16:00,"153,401 ","10,967 ",279 ,"11,493 ","98,106 ","3,494 ",931 ,0 ,"19,361 ",0 ,"8,795 ",,,,,
2025/7/24,17:00,"145,917 ","10,964 ",277 ,"11,631 ","100,347 ","3,430 ",926 ,0 ,"8,578 ",0 ,"9,793 ",,,,,
2025/7/24,18:00,"140,554 ","10,959 ",276 ,"11,640 ","101,217 ","3,417 ",876 ,0 ,"1,832 ",0 ,"10,355 ",,,,,
2025/7/24,19:00,"135,210 ","10,962 ",277 ,"11,371 ","100,691 ","3,427 ",829 ,0 ,34 ,0 ,"7,653 ",,,,,
2025/7/24,20:00,"128,190 ","10,978 ",278 ,"10,459 ","98,186 ","3,433 ",848 ,0 ,3 ,0 ,"4,030 ",,,,,
2025/7/24,21:00,"120,566 ","10,988 ",278 ,"9,152 ","93,780 ","3,430 ",824 ,0 ,1 ,0 ,"2,142 ",,,,,
2025/7/24,22:00,"113,148 ","10,998 ",279 ,"8,476 ","88,456 ","3,427 ",760 ,0 ,3 ,0 ,773 ,,,,,
2025/7/24,23:00,"105,954 ","10,993 ",278 ,"8,066 ","82,369 ","3,431 ",788 ,0 ,3 ,0 ,43 ,,,,,
2025/7/25,0:00,"97,328 ","10,995 ",280 ,"7,765 ","75,719 ","3,426 ",815 ,0 ,2 ,0 ,"-1,645 ",,,,,
2025/7/25,1:00,"91,214 ","10,995 ",279 ,"7,730 ","72,343 ","3,430 ",832 ,0 ,2 ,0 ,"-4,369 ",,,,,
2025/7/25,2:00,"88,867 ","11,000 ",279 ,"7,672 ","72,247 ","3,432 ",772 ,0 ,2 ,0 ,"-6,521 ",,,,,
2025/7/25,3:00,"88,484 ","10,991 ",280 ,"7,701 ","72,159 ","3,439 ",731 ,0 ,1 ,0 ,"-6,792 ",,,,,
2025/7/25,4:00,"88,713 ","10,991 ",280 ,"7,645 ","71,961 ","3,434 ",743 ,0 ,64 ,0 ,"-6,375 ",,,,,
2025/7/25,5:00,"90,952 ","10,992 ",283 ,"7,632 ","72,517 ","3,438 ",779 ,0 ,"1,680 ",0 ,"-6,339 ",,,,,
2025/7/25,6:00,"97,360 ","10,996 ",281 ,"7,704 ","71,769 ","3,445 ",747 ,0 ,"9,365 ",0 ,"-6,923 ",,,,,
2025/7/25,7:00,"110,783 ","10,999 ",284 ,"7,744 ","71,305 ","3,465 ",746 ,0 ,"21,894 ",0 ,"-5,641 ",,,,,
2025/7/25,8:00,"131,363 ","10,995 ",288 ,"8,219 ","74,749 ","3,483 ",792 ,0 ,"34,221 ",0 ,"-1,372 ",,,,,
2025/7/25,9:00,"146,385 ","10,993 ",288 ,"8,657 ","79,203 ","3,474 ",799 ,0 ,"43,906 ",0 ,-914 ,,,,,
2025/7/25,10:00,"151,799 ","10,995 ",286 ,"8,469 ","79,050 ","3,462 ",840 ,0 ,"49,703 ",0 ,-987 ,,,,,
2025/7/25,11:00,"155,059 ","10,992 ",284 ,"8,435 ","79,866 ","3,444 ",853 ,0 ,"52,314 ",0 ,"-1,104 ",,,,,
2025/7/25,12:00,"152,668 ","10,991 ",282 ,"8,154 ","78,753 ","3,448 ",899 ,0 ,"51,559 ",0 ,"-1,393 ",,,,,
2025/7/25,13:00,"157,570 ","10,988 ",270 ,"8,369 ","86,628 ","3,451 ","1,010 ",0 ,"47,178 ",0 ,-311 ,,,,,
2025/7/25,14:00,"157,659 ","10,975 ",246 ,"8,767 ","91,510 ","3,441 ","1,074 ",0 ,"39,474 ",0 ,"2,191 ",,,,,
2025/7/25,15:00,"154,277 ","10,972 ",274 ,"10,230 ","94,599 ","3,442 ",987 ,0 ,"29,384 ",0 ,"4,421 ",,,,,
2025/7/25,16:00,"151,198 ","10,955 ",253 ,"11,417 ","97,551 ","3,421 ",930 ,0 ,"19,368 ",0 ,"7,322 ",,,,,
2025/7/25,17:00,"143,724 ","10,959 ",252 ,"11,563 ","99,194 ","3,427 ",894 ,0 ,"8,775 ",0 ,"8,681 ",,,,,
2025/7/25,18:00,"137,919 ","10,961 ",277 ,"11,494 ","99,668 ","3,436 ",889 ,0 ,"1,816 ",0 ,"9,402 ",,,,,
2025/7/25,19:00,"132,535 ","10,977 ",277 ,"11,370 ","98,216 ","3,438 ",908 ,0 ,29 ,0 ,"7,354 ",,,,,
2025/7/25,20:00,"125,491 ","10,967 ",278 ,"10,326 ","96,417 ","3,450 ",872 ,0 ,1 ,0 ,"3,200 ",,,,,
2025/7/25,21:00,"118,324 ","10,978 ",279 ,"8,904 ","92,459 ","3,472 ",892 ,0 ,0 ,0 ,"1,355 ",,,,,
2025/7/25,22:00,"111,767 ","10,985 ",278 ,"8,177 ","87,222 ","3,502 ",896 ,0 ,0 ,0 ,724 ,,,,,
2025/7/25,23:00,"105,094 ","10,994 ",280 ,"7,892 ","81,394 ","3,507 ",875 ,0 ,0 ,0 ,176 ,,,,,
2025/7/26,0:00,"96,764 ","10,992 ",279 ,"7,552 ","73,091 ","3,468 ",898 ,0 ,0 ,0 ,511 ,,,,,
2025/7/26,1:00,"90,428 ","10,996 ",280 ,"7,308 ","66,664 ","3,422 ",904 ,0 ,0 ,0 ,875 ,,,,,
2025/7/26,2:00,"87,504 ","10,990 ",281 ,"7,170 ","65,209 ","3,424 ",926 ,0 ,0 ,0 ,-460 ,,,,,
2025/7/26,3:00,"86,921 ","10,993 ",281 ,"7,014 ","65,365 ","3,421 ",909 ,0 ,0 ,0 ,"-1,022 ",,,,,
2025/7/26,4:00,"86,381 ","10,993 ",280 ,"6,931 ","64,775 ","3,430 ",911 ,0 ,46 ,0 ,-951 ,,,,,
2025/7/26,5:00,"86,575 ","10,997 ",277 ,"7,174 ","63,514 ","3,429 ",833 ,0 ,"1,511 ",0 ,"-1,125 ",,,,,
2025/7/26,6:00,"88,680 ","10,990 ",277 ,"7,138 ","59,758 ","3,432 ",881 ,0 ,"8,690 ",0 ,"-2,467 ",,,,,
2025/7/26,7:00,"96,148 ","10,998 ",282 ,"6,886 ","57,191 ","3,447 ",886 ,0 ,"20,344 ",0 ,"-3,867 ",,,,,
2025/7/26,8:00,"108,349 ","10,995 ",254 ,"7,169 ","58,138 ","3,438 ",860 ,0 ,"31,631 ",0 ,"-4,110 ",,,,,
2025/7/26,9:00,"119,673 ","10,996 ",269 ,"7,429 ","59,196 ","3,431 ",858 ,0 ,"40,454 ",0 ,"-2,941 ",,,,,
2025/7/26,10:00,"125,634 ","10,994 ",280 ,"7,514 ","60,337 ","3,403 ",816 ,0 ,"45,774 ",0 ,"-3,463 ",,,,,
2025/7/26,11:00,"129,111 ","10,984 ",280 ,"7,422 ","61,918 ","3,287 ",765 ,0 ,"48,017 ",0 ,"-3,541 ",,,,,
2025/7/26,12:00,"129,592 ","10,991 ",279 ,"7,441 ","61,564 ","3,258 ",754 ,0 ,"48,380 ",0 ,"-3,053 ",,,,,
2025/7/26,13:00,"130,190 ","10,985 ",281 ,"7,833 ","64,032 ","3,293 ",815 ,0 ,"45,302 ",0 ,"-2,326 ",,,,,
2025/7/26,14:00,"129,205 ","10,981 ",279 ,"8,099 ","67,150 ","3,425 ",888 ,0 ,"39,948 ",0 ,"-1,543 ",,,,,
2025/7/26,15:00,"127,129 ","10,978 ",278 ,"8,603 ","73,168 ","3,460 ",884 ,0 ,"30,362 ",0 ,-582 ,,,,,
2025/7/26,16:00,"126,423 ","10,977 ",277 ,"9,895 ","80,787 ","3,449 ",839 ,0 ,"19,497 ",0 ,727 ,,,,,
2025/7/26,17:00,"124,154 ","10,963 ",275 ,"10,517 ","86,836 ","3,450 ",817 ,0 ,"8,614 ",0 ,"2,717 ",,,,,
2025/7/26,18:00,"120,789 ","10,963 ",273 ,"10,730 ","88,390 ","3,470 ",824 ,0 ,"1,696 ",0 ,"4,478 ",,,,,
2025/7/26,19:00,"117,381 ","10,967 ",274 ,"10,402 ","87,550 ","3,495 ",772 ,0 ,24 ,0 ,"3,927 ",,,,,
2025/7/26,20:00,"111,857 ","10,990 ",274 ,"9,468 ","84,573 ","3,499 ",745 ,0 ,2 ,0 ,"2,340 ",,,,,
2025/7/26,21:00,"106,162 ","10,990 ",275 ,"8,177 ","81,061 ","3,507 ",778 ,0 ,2 ,0 ,"1,397 ",,,,,
2025/7/26,22:00,"101,051 ","10,989 ",276 ,"7,514 ","77,262 ","3,511 ",845 ,0 ,1 ,0 ,684 ,,,,,
2025/7/26,23:00,"95,503 ","10,992 ",274 ,"7,240 ","72,353 ","3,509 ",852 ,0 ,0 ,0 ,305 ,,,,,
2025/7/27,0:00,"88,177 ","10,994 ",274 ,"7,438 ","65,341 ","3,503 ",838 ,0 ,0 ,0 ,-175 ,,,,,
2025/7/27,1:00,"82,576 ","11,003 ",274 ,"7,349 ","60,749 ","3,505 ",803 ,0 ,0 ,0 ,"-1,078 ",,,,,
2025/7/27,2:00,"80,334 ","10,962 ",274 ,"7,305 ","58,782 ","3,509 ",818 ,0 ,0 ,0 ,"-1,285 ",,,,,
2025/7/27,3:00,"80,255 ","10,734 ",274 ,"7,503 ","59,811 ","3,505 ",760 ,0 ,0 ,0 ,"-2,292 ",,,,,
2025/7/27,4:00,"80,539 ","10,597 ",273 ,"7,510 ","60,828 ","3,489 ",789 ,0 ,42 ,0 ,"-2,959 ",,,,,
2025/7/27,5:00,"81,241 ","10,483 ",274 ,"7,443 ","60,681 ","3,483 ",832 ,0 ,"1,356 ",0 ,"-3,282 ",,,,,
2025/7/27,6:00,"82,908 ","10,336 ",275 ,"7,049 ","57,978 ","3,475 ",805 ,0 ,"8,073 ",0 ,"-5,069 ",,,,,
2025/7/27,7:00,"88,958 ","10,163 ",275 ,"6,966 ","54,777 ","3,477 ",836 ,0 ,"19,634 ",0 ,"-7,146 ",,,,,
2025/7/27,8:00,"99,366 ","10,001 ",279 ,"7,135 ","53,683 ","3,491 ",903 ,0 ,"31,059 ",0 ,"-7,173 ",,,,,
2025/7/27,9:00,"109,076 ","9,850 ",278 ,"7,375 ","53,060 ","3,493 ",999 ,0 ,"38,825 ",0 ,"-4,787 ",,,,,
2025/7/27,10:00,"113,689 ","9,851 ",278 ,"7,423 ","50,934 ","3,345 ","1,171 ",0 ,"44,355 ",0 ,"-3,653 ",,,,,
2025/7/27,11:00,"117,166 ","9,846 ",277 ,"7,348 ","52,314 ","3,268 ","1,338 ",0 ,"46,549 ",0 ,"-3,747 ",,,,,
2025/7/27,12:00,"119,287 ","9,838 ",277 ,"7,583 ","54,485 ","3,275 ","1,383 ",0 ,"46,519 ",0 ,"-4,048 ",,,,,
2025/7/27,13:00,"119,997 ","9,830 ",280 ,"7,667 ","56,924 ","3,325 ","1,429 ",0 ,"43,757 ",0 ,"-3,192 ",,,,,
2025/7/27,14:00,"119,598 ","9,831 ",277 ,"7,871 ","61,464 ","3,446 ","1,401 ",0 ,"37,575 ",0 ,"-2,249 ",,,,,
2025/7/27,15:00,"118,875 ","9,822 ",274 ,"8,334 ","67,802 ","3,449 ","1,289 ",0 ,"28,731 ",0 ,-804 ,,,,,
2025/7/27,16:00,"118,186 ","9,819 ",275 ,"9,171 ","75,033 ","3,431 ","1,135 ",0 ,"18,566 ",0 ,777 ,,,,,
2025/7/27,17:00,"118,942 ","9,815 ",273 ,"10,003 ","83,245 ","3,422 ","1,073 ",0 ,"8,570 ",0 ,"2,580 ",,,,,
2025/7/27,18:00,"118,596 ","9,815 ",272 ,"10,463 ","86,965 ","3,405 ","1,006 ",0 ,"1,750 ",0 ,"4,954 ",,,,,
2025/7/27,19:00,"116,271 ","9,819 ",272 ,"10,063 ","86,878 ","3,411 ",943 ,0 ,23 ,0 ,"4,891 ",,,,,
2025/7/27,20:00,"111,395 ","9,832 ",272 ,"9,396 ","84,951 ","3,418 ",835 ,0 ,1 ,0 ,"2,725 ",,,,,
2025/7/27,21:00,"105,534 ","9,844 ",274 ,"8,387 ","82,112 ","3,416 ",818 ,0 ,1 ,0 ,720 ,,,,,
2025/7/27,22:00,"99,393 ","9,845 ",271 ,"7,473 ","77,247 ","3,406 ",849 ,0 ,1 ,0 ,335 ,,,,,
2025/7/27,23:00,"93,329 ","9,842 ",272 ,"7,019 ","71,739 ","3,419 ",848 ,0 ,0 ,0 ,218 ,,,,,
2025/7/28,0:00,"86,060 ","9,841 ",273 ,"6,888 ","66,260 ","3,434 ",735 ,0 ,0 ,0 ,"-1,351 ",,,,,
2025/7/28,1:00,"80,864 ","9,847 ",273 ,"6,730 ","63,537 ","3,476 ",674 ,0 ,0 ,0 ,"-3,646 ",,,,,
2025/7/28,2:00,"79,411 ","9,851 ",274 ,"6,791 ","62,549 ","3,483 ",662 ,0 ,0 ,0 ,"-4,175 ",,,,,
2025/7/28,3:00,"79,741 ","9,847 ",273 ,"6,929 ","63,234 ","3,486 ",630 ,0 ,0 ,0 ,"-4,633 ",,,,,
2025/7/28,4:00,"81,020 ","9,847 ",274 ,"6,991 ","65,106 ","3,485 ",583 ,0 ,52 ,0 ,"-5,270 ",,,,,
2025/7/28,5:00,"84,001 ","9,848 ",276 ,"6,989 ","65,838 ","3,501 ",506 ,0 ,"1,512 ",0 ,"-4,439 ",,,,,
2025/7/28,6:00,"91,190 ","9,849 ",275 ,"6,869 ","65,924 ","3,509 ",426 ,0 ,"8,814 ",0 ,"-4,448 ",,,,,
2025/7/28,7:00,"105,631 ","9,850 ",260 ,"7,106 ","66,949 ","3,522 ",398 ,0 ,"21,213 ",0 ,"-3,648 ",,,,,
2025/7/28,8:00,"126,803 ","9,853 ",245 ,"7,847 ","72,704 ","3,494 ",386 ,0 ,"33,895 ",0 ,"-1,585 ",,,,,
2025/7/28,9:00,"141,641 ","9,850 ",246 ,"8,227 ","75,910 ","3,496 ",420 ,0 ,"43,958 ",0 ,-460 ,,,,,
2025/7/28,10:00,"147,359 ","9,852 ",245 ,"8,210 ","75,955 ","3,461 ",459 ,0 ,"50,256 ",0 ,"-1,066 ",,,,,
2025/7/28,11:00,"151,221 ","9,844 ",244 ,"7,966 ","77,238 ","3,432 ",467 ,0 ,"53,263 ",0 ,"-1,203 ",,,,,
2025/7/28,12:00,"149,404 ","9,838 ",243 ,"7,670 ","76,435 ","3,433 ",501 ,0 ,"53,109 ",0 ,"-1,813 ",,,,,
2025/7/28,13:00,"154,513 ","9,833 ",245 ,"8,062 ","82,860 ","3,450 ",512 ,0 ,"50,186 ",0 ,-625 ,,,,,
2025/7/28,14:00,"155,028 ","9,822 ",246 ,"8,746 ","88,255 ","3,482 ",520 ,0 ,"43,935 ",0 ,46 ,,,,,
2025/7/28,15:00,"153,832 ","9,827 ",246 ,"9,667 ","93,545 ","3,498 ",522 ,0 ,"34,111 ",0 ,"2,454 ",,,,,
2025/7/28,16:00,"152,587 ","9,823 ",242 ,"10,440 ","99,059 ","3,483 ",497 ,0 ,"21,635 ",0 ,"7,449 ",,,,,
2025/7/28,17:00,"146,080 ","9,826 ",240 ,"11,184 ","100,777 ","3,479 ",455 ,0 ,"9,403 ",0 ,"10,752 ",,,,,
2025/7/28,18:00,"140,368 ","9,810 ",242 ,"11,301 ","101,396 ","3,488 ",383 ,0 ,"1,802 ",0 ,"11,981 ",,,,,
2025/7/28,19:00,"134,046 ","9,815 ",241 ,"10,997 ","100,731 ","3,494 ",383 ,0 ,19 ,0 ,"8,402 ",,,,,
2025/7/28,20:00,"126,606 ","9,819 ",242 ,"9,972 ","98,335 ","3,494 ",372 ,0 ,4 ,0 ,"4,378 ",,,,,
2025/7/28,21:00,"118,993 ","9,835 ",243 ,"8,726 ","94,450 ","3,503 ",386 ,0 ,3 ,0 ,"1,862 ",,,,,
2025/7/28,22:00,"111,634 ","9,833 ",243 ,"8,101 ","88,820 ","3,501 ",396 ,0 ,1 ,0 ,743 ,,,,,
2025/7/28,23:00,"104,294 ","9,845 ",242 ,"7,702 ","82,694 ","3,496 ",414 ,0 ,0 ,0 ,-102 ,,,,,
2025/7/29,0:00,"95,261 ","9,841 ",243 ,"7,244 ","76,860 ","3,494 ",360 ,0 ,2 ,0 ,"-2,765 ",,,,,
2025/7/29,1:00,"89,432 ","9,844 ",244 ,"7,249 ","73,132 ","3,493 ",361 ,0 ,2 ,0 ,"-4,868 ",,,,,
2025/7/29,2:00,"87,053 ","9,844 ",244 ,"6,853 ","72,748 ","3,498 ",325 ,0 ,0 ,0 ,"-6,441 ",,,,,
2025/7/29,3:00,"86,776 ","9,849 ",243 ,"6,924 ","72,534 ","3,504 ",288 ,0 ,0 ,0 ,"-6,550 ",,,,,
2025/7/29,4:00,"87,558 ","9,844 ",244 ,"6,966 ","73,238 ","3,500 ",254 ,0 ,48 ,0 ,"-6,515 ",,,,,
2025/7/29,5:00,"89,602 ","9,842 ",245 ,"6,954 ","73,557 ","3,506 ",254 ,0 ,"1,446 ",0 ,"-6,180 ",,,,,
2025/7/29,6:00,"95,847 ","9,842 ",245 ,"6,963 ","72,496 ","3,516 ",239 ,0 ,"8,843 ",0 ,"-6,291 ",,,,,
2025/7/29,7:00,"108,894 ","9,847 ",249 ,"7,152 ","71,879 ","3,544 ",205 ,0 ,"21,587 ",0 ,"-5,572 ",,,,,
2025/7/29,8:00,"129,225 ","9,845 ",251 ,"7,546 ","75,556 ","3,545 ",204 ,0 ,"34,391 ",0 ,"-2,110 ",,,,,
2025/7/29,9:00,"144,063 ","9,843 ",252 ,"8,063 ","78,897 ","3,531 ",245 ,0 ,"44,783 ",0 ,"-1,536 ",,,,,
2025/7/29,10:00,"149,950 ","9,841 ",248 ,"7,937 ","78,480 ","3,524 ",286 ,0 ,"51,557 ",0 ,"-1,908 ",,,,,
2025/7/29,11:00,"153,975 ","9,836 ",247 ,"7,767 ","80,259 ","3,458 ",355 ,0 ,"54,352 ",0 ,"-2,287 ",,,,,
2025/7/29,12:00,"151,992 ","9,831 ",245 ,"7,135 ","80,049 ","3,464 ",399 ,0 ,"54,030 ",0 ,"-3,156 ",,,,,
2025/7/29,13:00,"157,499 ","9,786 ",246 ,"7,871 ","85,945 ","3,449 ",360 ,0 ,"51,398 ",0 ,"-1,547 ",,,,,
2025/7/29,14:00,"158,103 ","9,752 ",249 ,"8,908 ","90,625 ","3,459 ",293 ,0 ,"45,043 ",0 ,-213 ,,,,,
2025/7/29,15:00,"156,604 ","9,759 ",247 ,"9,785 ","95,547 ","3,456 ",353 ,0 ,"35,021 ",0 ,"2,462 ",,,,,
2025/7/29,16:00,"155,167 ","9,742 ",246 ,"10,658 ","101,982 ","3,442 ",360 ,0 ,"21,991 ",0 ,"6,769 ",,,,,
2025/7/29,17:00,"148,033 ","9,747 ",247 ,"11,292 ","104,888 ","3,448 ",382 ,0 ,"9,351 ",0 ,"8,707 ",,,,,
2025/7/29,18:00,"141,576 ","9,757 ",245 ,"11,454 ","105,430 ","3,460 ",478 ,0 ,"1,721 ",0 ,"9,051 ",,,,,
2025/7/29,19:00,"135,054 ","9,781 ",248 ,"11,045 ","103,448 ","3,471 ",552 ,0 ,15 ,0 ,"6,521 ",,,,,
2025/7/29,20:00,"127,439 ","9,790 ",250 ,"9,487 ","100,267 ","3,477 ",603 ,0 ,2 ,0 ,"3,576 ",,,,,
2025/7/29,21:00,"119,664 ","9,802 ",251 ,"7,972 ","95,842 ","3,499 ",602 ,0 ,0 ,0 ,"1,715 ",,,,,
2025/7/29,22:00,"112,407 ","9,801 ",252 ,"7,294 ","90,253 ","3,513 ",608 ,0 ,0 ,0 ,699 ,,,,,
2025/7/29,23:00,"105,035 ","9,807 ",254 ,"7,086 ","83,464 ","3,527 ",587 ,0 ,1 ,0 ,313 ,,,,,
2025/7/30,0:00,"95,979 ","9,807 ",255 ,"6,838 ","75,996 ","3,523 ",602 ,0 ,1 ,0 ,"-1,036 ",,,,,
2025/7/30,1:00,"89,963 ","9,814 ",253 ,"6,818 ","71,894 ","3,533 ",586 ,0 ,1 ,0 ,"-2,912 ",,,,,
2025/7/30,2:00,"87,463 ","9,817 ",254 ,"6,598 ","71,333 ","3,556 ",551 ,0 ,1 ,0 ,"-4,627 ",,,,,
2025/7/30,3:00,"86,901 ","9,824 ",254 ,"6,547 ","71,590 ","3,574 ",539 ,0 ,1 ,0 ,"-5,404 ",,,,,
2025/7/30,4:00,"87,179 ","9,825 ",254 ,"6,623 ","71,559 ","3,575 ",507 ,0 ,33 ,0 ,"-5,170 ",,,,,
2025/7/30,5:00,"89,265 ","9,834 ",256 ,"6,878 ","72,386 ","3,579 ",476 ,0 ,"1,383 ",0 ,"-5,512 ",,,,,
2025/7/30,6:00,"95,318 ","9,838 ",255 ,"6,795 ","69,799 ","3,594 ",427 ,0 ,"8,781 ",0 ,"-4,159 ",,,,,
2025/7/30,7:00,"107,969 ","9,837 ",257 ,"6,947 ","68,171 ","3,616 ",389 ,0 ,"21,592 ",0 ,"-2,833 ",,,,,
2025/7/30,8:00,"128,228 ","9,842 ",261 ,"7,499 ","73,803 ","3,616 ",395 ,0 ,"34,425 ",0 ,"-1,604 ",,,,,
2025/7/30,9:00,"142,323 ","9,839 ",259 ,"7,862 ","77,036 ","3,576 ",416 ,0 ,"44,617 ",0 ,"-1,276 ",,,,,
2025/7/30,10:00,"146,987 ","9,838 ",257 ,"7,748 ","75,627 ","3,526 ",391 ,0 ,"51,392 ",0 ,"-1,787 ",,,,,
2025/7/30,11:00,"150,662 ","9,834 ",255 ,"7,625 ","76,211 ","3,507 ",429 ,0 ,"54,909 ",0 ,"-2,087 ",,,,,
2025/7/30,12:00,"148,672 ","9,833 ",255 ,"7,206 ","75,399 ","3,482 ",512 ,0 ,"54,921 ",0 ,"-2,913 ",,,,,
2025/7/30,13:00,"153,376 ","9,821 ",257 ,"7,556 ","81,476 ","3,459 ",604 ,0 ,"51,958 ",0 ,"-1,741 ",,,,,
2025/7/30,14:00,"153,779 ","9,813 ",251 ,"8,586 ","86,074 ","3,461 ",652 ,0 ,"45,427 ",0 ,-465 ,,,,,
2025/7/30,15:00,"152,123 ","9,812 ",238 ,"9,302 ","91,391 ","3,456 ",679 ,0 ,"35,087 ",0 ,"2,185 ",,,,,
2025/7/30,16:00,"150,801 ","9,819 ",232 ,"10,368 ","96,947 ","3,410 ",709 ,0 ,"22,117 ",0 ,"7,239 ",,,,,
2025/7/30,17:00,"143,957 ","9,813 ",229 ,"10,851 ","99,255 ","3,400 ",732 ,0 ,"9,296 ",0 ,"10,408 ",,,,,
2025/7/30,18:00,"137,815 ","9,816 ",231 ,"10,814 ","100,282 ","3,401 ",780 ,0 ,"1,682 ",0 ,"10,836 ",,,,,
2025/7/30,19:00,"131,859 ","9,821 ",231 ,"10,398 ","99,330 ","3,400 ",798 ,0 ,11 ,0 ,"7,898 ",,,,,
2025/7/30,20:00,"124,803 ","9,826 ",235 ,"9,329 ","96,849 ","3,394 ",773 ,0 ,2 ,0 ,"4,412 ",,,,,
2025/7/30,21:00,"117,548 ","9,837 ",235 ,"8,144 ","93,361 ","3,392 ",766 ,0 ,1 ,0 ,"1,829 ",,,,,
2025/7/30,22:00,"110,133 ","9,833 ",242 ,"7,508 ","87,237 ","3,392 ",785 ,0 ,1 ,0 ,"1,139 ",,,,,
2025/7/30,23:00,"103,130 ","9,837 ",255 ,"7,048 ","81,538 ","3,402 ",757 ,0 ,1 ,0 ,300 ,,,,,
2025/7/31,0:00,"94,288 ","9,838 ",255 ,"6,602 ","74,921 ","3,402 ",786 ,0 ,1 ,0 ,"-1,499 ",,,,,
2025/7/31,1:00,"88,334 ","9,841 ",256 ,"6,402 ","72,274 ","3,413 ",700 ,0 ,1 ,0 ,"-4,545 ",,,,,
2025/7/31,2:00,"86,026 ","9,834 ",256 ,"6,252 ","71,632 ","3,412 ",664 ,0 ,1 ,0 ,"-6,008 ",,,,,
2025/7/31,3:00,"85,730 ","9,834 ",256 ,"6,299 ","71,655 ","3,423 ",717 ,0 ,1 ,0 ,"-6,439 ",,,,,
2025/7/31,4:00,"86,287 ","9,832 ",254 ,"6,644 ","71,242 ","3,420 ",773 ,0 ,24 ,0 ,"-5,888 ",,,,,
2025/7/31,5:00,"88,502 ","9,834 ",256 ,"6,867 ","72,021 ","3,433 ",749 ,0 ,"1,234 ",0 ,"-5,877 ",,,,,
2025/7/31,6:00,"94,192 ","9,831 ",257 ,"6,685 ","71,966 ","3,454 ",623 ,0 ,"7,828 ",0 ,"-6,430 ",,,,,
2025/7/31,7:00,"105,774 ","9,829 ",256 ,"6,853 ","71,680 ","3,496 ",544 ,0 ,"19,237 ",0 ,"-6,106 ",,,,,
2025/7/31,8:00,"124,508 ","9,831 ",258 ,"7,248 ","74,939 ","3,483 ",485 ,0 ,"30,668 ",0 ,"-2,404 ",,,,,
2025/7/31,9:00,"138,430 ","9,827 ",259 ,"7,411 ","77,322 ","3,490 ",569 ,0 ,"40,387 ",0 ,-821 ,,,,,
2025/7/31,10:00,"144,294 ","9,834 ",255 ,"7,157 ","77,741 ","3,487 ",606 ,0 ,"46,862 ",0 ,"-1,626 ",,,,,
2025/7/31,11:00,"147,314 ","9,832 ",256 ,"7,310 ","78,051 ","3,473 ",602 ,0 ,"49,737 ",0 ,"-1,939 ",,,,,
2025/7/31,12:00,"145,257 ","9,828 ",255 ,"7,060 ","76,379 ","3,478 ",641 ,0 ,"50,528 ",0 ,"-2,885 ",,,,,
2025/7/31,13:00,"150,179 ","9,821 ",257 ,"7,575 ","81,442 ","3,489 ",694 ,0 ,"48,821 ",0 ,"-1,897 ",,,,,
2025/7/31,14:00,"150,810 ","9,815 ",258 ,"8,238 ","85,575 ","3,522 ",728 ,0 ,"42,855 ",0 ,-159 ,,,,,
2025/7/31,15:00,"150,022 ","9,813 ",255 ,"9,221 ","91,441 ","3,507 ",697 ,0 ,"33,256 ",0 ,"1,853 ",,,,,
2025/7/31,16:00,"148,934 ","9,812 ",251 ,"10,086 ","97,829 ","3,466 ",662 ,0 ,"20,858 ",0 ,"6,003 ",,,,,
2025/7/31,17:00,"142,196 ","9,795 ",249 ,"10,847 ","100,114 ","3,460 ",671 ,0 ,"8,700 ",0 ,"8,405 ",,,,,
2025/7/31,18:00,"136,213 ","9,795 ",252 ,"10,998 ","101,191 ","3,447 ",712 ,0 ,"1,543 ",0 ,"8,314 ",,,,,
2025/7/31,19:00,"130,355 ","9,800 ",251 ,"10,516 ","99,776 ","3,456 ",729 ,0 ,17 ,0 ,"5,841 ",,,,,
2025/7/31,20:00,"123,260 ","9,817 ",252 ,"8,710 ","96,249 ","3,456 ",801 ,0 ,1 ,0 ,"3,994 ",,,,,
2025/7/31,21:00,"115,760 ","9,818 ",250 ,"7,795 ","91,280 ","3,468 ",865 ,0 ,0 ,0 ,"2,319 ",,,,,
2025/7/31,22:00,"108,852 ","9,826 ",251 ,"7,226 ","85,862 ","3,471 ",836 ,0 ,0 ,0 ,"1,403 ",,,,,
2025/7/31,23:00,"102,002 ","9,825 ",254 ,"6,747 ","79,984 ","3,489 ",885 ,0 ,0 ,0 ,831 ,,,,,
